STNAME,CTYNAME,POPESTIMATE2019
Alabama,Alabama,4903185
Alabama,Autauga County,55869
Alabama,Baldwin County,223234
Alabama,Barbour County,24686
Alabama,Bibb County,22394
Alabama,Blount County,57826
Alabama,Bullock County,10101
Alabama,Butler County,19448
Alabama,Calhoun County,113605
Alabama,Chambers County,33254
Alabama,Cherokee County,26196
Alabama,Chilton County,44428
Alabama,Choctaw County,12589
Alabama,Clarke County,23622
Alabama,Clay County,13235
Alabama,Cleburne County,14910
Alabama,Coffee County,52342
Alabama,Colbert County,55241
Alabama,Conecuh County,12067
Alabama,Coosa County,10663
Alabama,Covington County,37049
Alabama,Crenshaw County,13772
Alabama,Cullman County,83768
Alabama,Dale County,49172
Alabama,Dallas County,37196
Alabama,DeKalb County,71513
Alabama,Elmore County,81209
Alabama,Escambia County,36633
Alabama,Etowah County,102268
Alabama,Fayette County,16302
Alabama,Franklin County,31362
Alabama,Geneva County,26271
Alabama,Greene County,8111
Alabama,Hale County,14651
Alabama,Henry County,17205
Alabama,Houston County,105882
Alabama,Jackson County,51626
Alabama,Jefferson County,658573
Alabama,Lamar County,13805
Alabama,Lauderdale County,92729
Alabama,Lawrence County,32924
Alabama,Lee County,164542
Alabama,Limestone County,98915
Alabama,Lowndes County,9726
Alabama,Macon County,18068
Alabama,Madison County,372909
Alabama,Marengo County,18863
Alabama,Marion County,29709
Alabama,Marshall County,96774
Alabama,Mobile County,413210
Alabama,Monroe County,20733
Alabama,Montgomery County,226486
Alabama,Morgan County,119679
Alabama,Perry County,8923
Alabama,Pickens County,19930
Alabama,Pike County,33114
Alabama,Randolph County,22722
Alabama,Russell County,57961
Alabama,St. Clair County,89512
Alabama,Shelby County,217702
Alabama,Sumter County,12427
Alabama,Talladega County,79978
Alabama,Tallapoosa County,40367
Alabama,Tuscaloosa County,209355
Alabama,Walker County,63521
Alabama,Washington County,16326
Alabama,Wilcox County,10373
Alabama,Winston County,23629
Alaska,Alaska,731545
Alaska,Aleutians East Borough,3337
Alaska,Aleutians West Census Area,5634
Alaska,Anchorage Municipality,288000
Alaska,Bethel Census Area,18386
Alaska,Bristol Bay Borough,836
Alaska,Denali Borough,2097
Alaska,Dillingham Census Area,4916
Alaska,Fairbanks North Star Borough,96849
Alaska,Haines Borough,2530
Alaska,Hoonah-Angoon Census Area,2148
Alaska,Juneau City and Borough,31974
Alaska,Kenai Peninsula Borough,58708
Alaska,Ketchikan Gateway Borough,13901
Alaska,Kodiak Island Borough,12998
Alaska,Kusilvak Census Area,8314
Alaska,Lake and Peninsula Borough,1592
Alaska,Matanuska-Susitna Borough,108317
Alaska,Nome Census Area,10004
Alaska,North Slope Borough,9832
Alaska,Northwest Arctic Borough,7621
Alaska,Petersburg Borough,3266
Alaska,Prince of Wales-Hyder Census Area,6203
Alaska,Sitka City and Borough,8493
Alaska,Skagway Municipality,1183
Alaska,Southeast Fairbanks Census Area,6893
Alaska,Valdez-Cordova Census Area,9202
Alaska,Wrangell City and Borough,2502
Alaska,Yakutat City and Borough,579
Alaska,Yukon-Koyukuk Census Area,5230
Arizona,Arizona,7278717
Arizona,Apache County,71887
Arizona,Cochise County,125922
Arizona,Coconino County,143476
Arizona,Gila County,54018
Arizona,Graham County,38837
Arizona,Greenlee County,9498
Arizona,La Paz County,21108
Arizona,Maricopa County,4485414
Arizona,Mohave County,212181
Arizona,Navajo County,110924
Arizona,Pima County,1047279
Arizona,Pinal County,462789
Arizona,Santa Cruz County,46498
Arizona,Yavapai County,235099
Arizona,Yuma County,213787
Arkansas,Arkansas,3017804
Arkansas,Arkansas County,17486
Arkansas,Ashley County,19657
Arkansas,Baxter County,41932
Arkansas,Benton County,279141
Arkansas,Boone County,37432
Arkansas,Bradley County,10763
Arkansas,Calhoun County,5189
Arkansas,Carroll County,28380
Arkansas,Chicot County,10118
Arkansas,Clark County,22320
Arkansas,Clay County,14551
Arkansas,Cleburne County,24919
Arkansas,Cleveland County,7956
Arkansas,Columbia County,23457
Arkansas,Conway County,20846
Arkansas,Craighead County,110332
Arkansas,Crawford County,63257
Arkansas,Crittenden County,47955
Arkansas,Cross County,16419
Arkansas,Dallas County,7009
Arkansas,Desha County,11361
Arkansas,Drew County,18219
Arkansas,Faulkner County,126007
Arkansas,Franklin County,17715
Arkansas,Fulton County,12477
Arkansas,Garland County,99386
Arkansas,Grant County,18265
Arkansas,Greene County,45325
Arkansas,Hempstead County,21532
Arkansas,Hot Spring County,33771
Arkansas,Howard County,13202
Arkansas,Independence County,37825
Arkansas,Izard County,13629
Arkansas,Jackson County,16719
Arkansas,Jefferson County,66824
Arkansas,Johnson County,26578
Arkansas,Lafayette County,6624
Arkansas,Lawrence County,16406
Arkansas,Lee County,8857
Arkansas,Lincoln County,13024
Arkansas,Little River County,12259
Arkansas,Logan County,21466
Arkansas,Lonoke County,73309
Arkansas,Madison County,16576
Arkansas,Marion County,16694
Arkansas,Miller County,43257
Arkansas,Mississippi County,40651
Arkansas,Monroe County,6701
Arkansas,Montgomery County,8986
Arkansas,Nevada County,8252
Arkansas,Newton County,7753
Arkansas,Ouachita County,23382
Arkansas,Perry County,10455
Arkansas,Phillips County,17782
Arkansas,Pike County,10718
Arkansas,Poinsett County,23528
Arkansas,Polk County,19964
Arkansas,Pope County,64072
Arkansas,Prairie County,8062
Arkansas,Pulaski County,391911
Arkansas,Randolph County,17958
Arkansas,St. Francis County,24994
Arkansas,Saline County,122437
Arkansas,Scott County,10281
Arkansas,Searcy County,7881
Arkansas,Sebastian County,127827
Arkansas,Sevier County,17007
Arkansas,Sharp County,17442
Arkansas,Stone County,12506
Arkansas,Union County,38682
Arkansas,Van Buren County,16545
Arkansas,Washington County,239187
Arkansas,White County,78753
Arkansas,Woodruff County,6320
Arkansas,Yell County,21341
California,California,39512223
California,Alameda County,1671329
California,Alpine County,1129
California,Amador County,39752
California,Butte County,219186
California,Calaveras County,45905
California,Colusa County,21547
California,Contra Costa County,1153526
California,Del Norte County,27812
California,El Dorado County,192843
California,Fresno County,999101
California,Glenn County,28393
California,Humboldt County,135558
California,Imperial County,181215
California,Inyo County,18039
California,Kern County,900202
California,Kings County,152940
California,Lake County,64386
California,Lassen County,30573
California,Los Angeles County,10039107
California,Madera County,157327
California,Marin County,258826
California,Mariposa County,17203
California,Mendocino County,86749
California,Merced County,277680
California,Modoc County,8841
California,Mono County,14444
California,Monterey County,434061
California,Napa County,137744
California,Nevada County,99755
California,Orange County,3175692
California,Placer County,398329
California,Plumas County,18807
California,Riverside County,2470546
California,Sacramento County,1552058
California,San Benito County,62808
California,San Bernardino County,2180085
California,San Diego County,3338330
California,San Francisco County,881549
California,San Joaquin County,762148
California,San Luis Obispo County,283111
California,San Mateo County,766573
California,Santa Barbara County,446499
California,Santa Clara County,1927852
California,Santa Cruz County,273213
California,Shasta County,180080
California,Sierra County,3005
California,Siskiyou County,43539
California,Solano County,447643
California,Sonoma County,494336
California,Stanislaus County,550660
California,Sutter County,96971
California,Tehama County,65084
California,Trinity County,12285
California,Tulare County,466195
California,Tuolumne County,54478
California,Ventura County,846006
California,Yolo County,220500
California,Yuba County,78668
Colorado,Colorado,5758736
Colorado,Adams County,517421
Colorado,Alamosa County,16233
Colorado,Arapahoe County,656590
Colorado,Archuleta County,14029
Colorado,Baca County,3581
Colorado,Bent County,5577
Colorado,Boulder County,326196
Colorado,Broomfield County,70465
Colorado,Chaffee County,20356
Colorado,Cheyenne County,1831
Colorado,Clear Creek County,9700
Colorado,Conejos County,8205
Colorado,Costilla County,3887
Colorado,Crowley County,6061
Colorado,Custer County,5068
Colorado,Delta County,31162
Colorado,Denver County,727211
Colorado,Dolores County,2055
Colorado,Douglas County,351154
Colorado,Eagle County,55127
Colorado,Elbert County,26729
Colorado,El Paso County,720403
Colorado,Fremont County,47839
Colorado,Garfield County,60061
Colorado,Gilpin County,6243
Colorado,Grand County,15734
Colorado,Gunnison County,17462
Colorado,Hinsdale County,820
Colorado,Huerfano County,6897
Colorado,Jackson County,1392
Colorado,Jefferson County,582881
Colorado,Kiowa County,1406
Colorado,Kit Carson County,7097
Colorado,Lake County,8127
Colorado,La Plata County,56221
Colorado,Larimer County,356899
Colorado,Las Animas County,14506
Colorado,Lincoln County,5701
Colorado,Logan County,22409
Colorado,Mesa County,154210
Colorado,Mineral County,769
Colorado,Moffat County,13283
Colorado,Montezuma County,26183
Colorado,Montrose County,42758
Colorado,Morgan County,29068
Colorado,Otero County,18278
Colorado,Ouray County,4952
Colorado,Park County,18845
Colorado,Phillips County,4265
Colorado,Pitkin County,17767
Colorado,Prowers County,12172
Colorado,Pueblo County,168424
Colorado,Rio Blanco County,6324
Colorado,Rio Grande County,11267
Colorado,Routt County,25638
Colorado,Saguache County,6824
Colorado,San Juan County,728
Colorado,San Miguel County,8179
Colorado,Sedgwick County,2248
Colorado,Summit County,31011
Colorado,Teller County,25388
Colorado,Washington County,4908
Colorado,Weld County,324492
Colorado,Yuma County,10019
Connecticut,Connecticut,3565287
Connecticut,Fairfield County,943332
Connecticut,Hartford County,891720
Connecticut,Litchfield County,180333
Connecticut,Middlesex County,162436
Connecticut,New Haven County,854757
Connecticut,New London County,265206
Connecticut,Tolland County,150721
Connecticut,Windham County,116782
Delaware,Delaware,973764
Delaware,Kent County,180786
Delaware,New Castle County,558753
Delaware,Sussex County,234225
District of Columbia,District of Columbia,705749
District of Columbia,District of Columbia,705749
Florida,Florida,21477737
Florida,Alachua County,269043
Florida,Baker County,29210
Florida,Bay County,174705
Florida,Bradford County,28201
Florida,Brevard County,601942
Florida,Broward County,1952778
Florida,Calhoun County,14105
Florida,Charlotte County,188910
Florida,Citrus County,149657
Florida,Clay County,219252
Florida,Collier County,384902
Florida,Columbia County,71686
Florida,DeSoto County,38001
Florida,Dixie County,16826
Florida,Duval County,957755
Florida,Escambia County,318316
Florida,Flagler County,115081
Florida,Franklin County,12125
Florida,Gadsden County,45660
Florida,Gilchrist County,18582
Florida,Glades County,13811
Florida,Gulf County,13639
Florida,Hamilton County,14428
Florida,Hardee County,26937
Florida,Hendry County,42022
Florida,Hernando County,193920
Florida,Highlands County,106221
Florida,Hillsborough County,1471968
Florida,Holmes County,19617
Florida,Indian River County,159923
Florida,Jackson County,46414
Florida,Jefferson County,14246
Florida,Lafayette County,8422
Florida,Lake County,367118
Florida,Lee County,770577
Florida,Leon County,293582
Florida,Levy County,41503
Florida,Liberty County,8354
Florida,Madison County,18493
Florida,Manatee County,403253
Florida,Marion County,365579
Florida,Martin County,161000
Florida,Miami-Dade County,2716940
Florida,Monroe County,74228
Florida,Nassau County,88625
Florida,Okaloosa County,210738
Florida,Okeechobee County,42168
Florida,Orange County,1393452
Florida,Osceola County,375751
Florida,Palm Beach County,1496770
Florida,Pasco County,553947
Florida,Pinellas County,974996
Florida,Polk County,724777
Florida,Putnam County,74521
Florida,St. Johns County,264672
Florida,St. Lucie County,328297
Florida,Santa Rosa County,184313
Florida,Sarasota County,433742
Florida,Seminole County,471826
Florida,Sumter County,132420
Florida,Suwannee County,44417
Florida,Taylor County,21569
Florida,Union County,15237
Florida,Volusia County,553284
Florida,Wakulla County,33739
Florida,Walton County,74071
Florida,Washington County,25473
Georgia,Georgia,10617423
Georgia,Appling County,18386
Georgia,Atkinson County,8165
Georgia,Bacon County,11164
Georgia,Baker County,3038
Georgia,Baldwin County,44890
Georgia,Banks County,19234
Georgia,Barrow County,83240
Georgia,Bartow County,107738
Georgia,Ben Hill County,16700
Georgia,Berrien County,19397
Georgia,Bibb County,153159
Georgia,Bleckley County,12873
Georgia,Brantley County,19109
Georgia,Brooks County,15457
Georgia,Bryan County,39627
Georgia,Bulloch County,79608
Georgia,Burke County,22383
Georgia,Butts County,24936
Georgia,Calhoun County,6189
Georgia,Camden County,54666
Georgia,Candler County,10803
Georgia,Carroll County,119992
Georgia,Catoosa County,67580
Georgia,Charlton County,13392
Georgia,Chatham County,289430
Georgia,Chattahoochee County,10907
Georgia,Chattooga County,24789
Georgia,Cherokee County,258773
Georgia,Clarke County,128331
Georgia,Clay County,2834
Georgia,Clayton County,292256
Georgia,Clinch County,6618
Georgia,Cobb County,760141
Georgia,Coffee County,43273
Georgia,Colquitt County,45600
Georgia,Columbia County,156714
Georgia,Cook County,17270
Georgia,Coweta County,148509
Georgia,Crawford County,12404
Georgia,Crisp County,22372
Georgia,Dade County,16116
Georgia,Dawson County,26108
Georgia,Decatur County,26404
Georgia,DeKalb County,759297
Georgia,Dodge County,20605
Georgia,Dooly County,13390
Georgia,Dougherty County,87956
Georgia,Douglas County,146343
Georgia,Early County,10190
Georgia,Echols County,4006
Georgia,Effingham County,64296
Georgia,Elbert County,19194
Georgia,Emanuel County,22646
Georgia,Evans County,10654
Georgia,Fannin County,26188
Georgia,Fayette County,114421
Georgia,Floyd County,98498
Georgia,Forsyth County,244252
Georgia,Franklin County,23349
Georgia,Fulton County,1063937
Georgia,Gilmer County,31369
Georgia,Glascock County,2971
Georgia,Glynn County,85292
Georgia,Gordon County,57963
Georgia,Grady County,24633
Georgia,Greene County,18324
Georgia,Gwinnett County,936250
Georgia,Habersham County,45328
Georgia,Hall County,204441
Georgia,Hancock County,8457
Georgia,Haralson County,29792
Georgia,Harris County,35236
Georgia,Hart County,26205
Georgia,Heard County,11923
Georgia,Henry County,234561
Georgia,Houston County,157863
Georgia,Irwin County,9416
Georgia,Jackson County,72977
Georgia,Jasper County,14219
Georgia,Jeff Davis County,15115
Georgia,Jefferson County,15362
Georgia,Jenkins County,8676
Georgia,Johnson County,9643
Georgia,Jones County,28735
Georgia,Lamar County,19077
Georgia,Lanier County,10423
Georgia,Laurens County,47546
Georgia,Lee County,29992
Georgia,Liberty County,61435
Georgia,Lincoln County,7921
Georgia,Long County,19559
Georgia,Lowndes County,117406
Georgia,Lumpkin County,33610
Georgia,McDuffie County,21312
Georgia,McIntosh County,14378
Georgia,Macon County,12947
Georgia,Madison County,29880
Georgia,Marion County,8359
Georgia,Meriwether County,21167
Georgia,Miller County,5718
Georgia,Mitchell County,21863
Georgia,Monroe County,27578
Georgia,Montgomery County,9172
Georgia,Morgan County,19276
Georgia,Murray County,40096
Georgia,Muscogee County,195769
Georgia,Newton County,111744
Georgia,Oconee County,40280
Georgia,Oglethorpe County,15259
Georgia,Paulding County,168667
Georgia,Peach County,27546
Georgia,Pickens County,32591
Georgia,Pierce County,19465
Georgia,Pike County,18962
Georgia,Polk County,42613
Georgia,Pulaski County,11137
Georgia,Putnam County,22119
Georgia,Quitman County,2299
Georgia,Rabun County,17137
Georgia,Randolph County,6778
Georgia,Richmond County,202518
Georgia,Rockdale County,90896
Georgia,Schley County,5257
Georgia,Screven County,13966
Georgia,Seminole County,8090
Georgia,Spalding County,66703
Georgia,Stephens County,25925
Georgia,Stewart County,6621
Georgia,Sumter County,29524
Georgia,Talbot County,6195
Georgia,Taliaferro County,1537
Georgia,Tattnall County,25286
Georgia,Taylor County,8020
Georgia,Telfair County,15860
Georgia,Terrell County,8531
Georgia,Thomas County,44451
Georgia,Tift County,40644
Georgia,Toombs County,26830
Georgia,Towns County,12037
Georgia,Treutlen County,6901
Georgia,Troup County,69922
Georgia,Turner County,7985
Georgia,Twiggs County,8120
Georgia,Union County,24511
Georgia,Upson County,26320
Georgia,Walker County,69761
Georgia,Walton County,94593
Georgia,Ware County,35734
Georgia,Warren County,5254
Georgia,Washington County,20374
Georgia,Wayne County,29927
Georgia,Webster County,2607
Georgia,Wheeler County,7855
Georgia,White County,30798
Georgia,Whitfield County,104628
Georgia,Wilcox County,8635
Georgia,Wilkes County,9777
Georgia,Wilkinson County,8954
Georgia,Worth County,20247
Hawaii,Hawaii,1415872
Hawaii,Hawaii County,201513
Hawaii,Honolulu County,974563
Hawaii,Kalawao County,86
Hawaii,Kauai County,72293
Hawaii,Maui County,167417
Idaho,Idaho,1787065
Idaho,Ada County,481587
Idaho,Adams County,4294
Idaho,Bannock County,87808
Idaho,Bear Lake County,6125
Idaho,Benewah County,9298
Idaho,Bingham County,46811
Idaho,Blaine County,23021
Idaho,Boise County,7831
Idaho,Bonner County,45739
Idaho,Bonneville County,119062
Idaho,Boundary County,12245
Idaho,Butte County,2597
Idaho,Camas County,1106
Idaho,Canyon County,229849
Idaho,Caribou County,7155
Idaho,Cassia County,24030
Idaho,Clark County,845
Idaho,Clearwater County,8756
Idaho,Custer County,4315
Idaho,Elmore County,27511
Idaho,Franklin County,13876
Idaho,Fremont County,13099
Idaho,Gem County,18112
Idaho,Gooding County,15179
Idaho,Idaho County,16667
Idaho,Jefferson County,29871
Idaho,Jerome County,24412
Idaho,Kootenai County,165697
Idaho,Latah County,40108
Idaho,Lemhi County,8027
Idaho,Lewis County,3838
Idaho,Lincoln County,5366
Idaho,Madison County,39907
Idaho,Minidoka County,21039
Idaho,Nez Perce County,40408
Idaho,Oneida County,4531
Idaho,Owyhee County,11823
Idaho,Payette County,23951
Idaho,Power County,7681
Idaho,Shoshone County,12882
Idaho,Teton County,12142
Idaho,Twin Falls County,86878
Idaho,Valley County,11392
Idaho,Washington County,10194
Illinois,Illinois,12671821
Illinois,Adams County,65435
Illinois,Alexander County,5761
Illinois,Bond County,16426
Illinois,Boone County,53544
Illinois,Brown County,6578
Illinois,Bureau County,32628
Illinois,Calhoun County,4739
Illinois,Carroll County,14305
Illinois,Cass County,12147
Illinois,Champaign County,209689
Illinois,Christian County,32304
Illinois,Clark County,15441
Illinois,Clay County,13184
Illinois,Clinton County,37562
Illinois,Coles County,50621
Illinois,Cook County,5150233
Illinois,Crawford County,18667
Illinois,Cumberland County,10766
Illinois,DeKalb County,104897
Illinois,De Witt County,15638
Illinois,Douglas County,19465
Illinois,DuPage County,922921
Illinois,Edgar County,17161
Illinois,Edwards County,6395
Illinois,Effingham County,34008
Illinois,Fayette County,21336
Illinois,Ford County,12961
Illinois,Franklin County,38469
Illinois,Fulton County,34340
Illinois,Gallatin County,4828
Illinois,Greene County,12969
Illinois,Grundy County,51054
Illinois,Hamilton County,8116
Illinois,Hancock County,17708
Illinois,Hardin County,3821
Illinois,Henderson County,6646
Illinois,Henry County,48913
Illinois,Iroquois County,27114
Illinois,Jackson County,56750
Illinois,Jasper County,9610
Illinois,Jefferson County,37684
Illinois,Jersey County,21773
Illinois,Jo Daviess County,21235
Illinois,Johnson County,12417
Illinois,Kane County,532403
Illinois,Kankakee County,109862
Illinois,Kendall County,128990
Illinois,Knox County,49699
Illinois,Lake County,696535
Illinois,LaSalle County,108669
Illinois,Lawrence County,15678
Illinois,Lee County,34096
Illinois,Livingston County,35648
Illinois,Logan County,28618
Illinois,McDonough County,29682
Illinois,McHenry County,307774
Illinois,McLean County,171517
Illinois,Macon County,104009
Illinois,Macoupin County,44926
Illinois,Madison County,262966
Illinois,Marion County,37205
Illinois,Marshall County,11438
Illinois,Mason County,13359
Illinois,Massac County,13772
Illinois,Menard County,12196
Illinois,Mercer County,15437
Illinois,Monroe County,34637
Illinois,Montgomery County,28414
Illinois,Morgan County,33658
Illinois,Moultrie County,14501
Illinois,Ogle County,50643
Illinois,Peoria County,179179
Illinois,Perry County,20916
Illinois,Piatt County,16344
Illinois,Pike County,15561
Illinois,Pope County,4177
Illinois,Pulaski County,5335
Illinois,Putnam County,5739
Illinois,Randolph County,31782
Illinois,Richland County,15513
Illinois,Rock Island County,141879
Illinois,St. Clair County,259686
Illinois,Saline County,23491
Illinois,Sangamon County,194672
Illinois,Schuyler County,6768
Illinois,Scott County,4951
Illinois,Shelby County,21634
Illinois,Stark County,5342
Illinois,Stephenson County,44498
Illinois,Tazewell County,131803
Illinois,Union County,16653
Illinois,Vermilion County,75758
Illinois,Wabash County,11520
Illinois,Warren County,16844
Illinois,Washington County,13887
Illinois,Wayne County,16215
Illinois,White County,13537
Illinois,Whiteside County,55175
Illinois,Will County,690743
Illinois,Williamson County,66597
Illinois,Winnebago County,282572
Illinois,Woodford County,38459
Indiana,Indiana,6732219
Indiana,Adams County,35777
Indiana,Allen County,379299
Indiana,Bartholomew County,83779
Indiana,Benton County,8748
Indiana,Blackford County,11758
Indiana,Boone County,67843
Indiana,Brown County,15092
Indiana,Carroll County,20257
Indiana,Cass County,37689
Indiana,Clark County,118302
Indiana,Clay County,26225
Indiana,Clinton County,32399
Indiana,Crawford County,10577
Indiana,Daviess County,33351
Indiana,Dearborn County,49458
Indiana,Decatur County,26559
Indiana,DeKalb County,43475
Indiana,Delaware County,114135
Indiana,Dubois County,42736
Indiana,Elkhart County,206341
Indiana,Fayette County,23102
Indiana,Floyd County,78522
Indiana,Fountain County,16346
Indiana,Franklin County,22758
Indiana,Fulton County,19974
Indiana,Gibson County,33659
Indiana,Grant County,65769
Indiana,Greene County,31922
Indiana,Hamilton County,338011
Indiana,Hancock County,78168
Indiana,Harrison County,40515
Indiana,Hendricks County,170311
Indiana,Henry County,47972
Indiana,Howard County,82544
Indiana,Huntington County,36520
Indiana,Jackson County,44231
Indiana,Jasper County,33562
Indiana,Jay County,20436
Indiana,Jefferson County,32308
Indiana,Jennings County,27735
Indiana,Johnson County,158167
Indiana,Knox County,36594
Indiana,Kosciusko County,79456
Indiana,LaGrange County,39614
Indiana,Lake County,485493
Indiana,LaPorte County,109888
Indiana,Lawrence County,45370
Indiana,Madison County,129569
Indiana,Marion County,964582
Indiana,Marshall County,46258
Indiana,Martin County,10255
Indiana,Miami County,35516
Indiana,Monroe County,148431
Indiana,Montgomery County,38338
Indiana,Morgan County,70489
Indiana,Newton County,13984
Indiana,Noble County,47744
Indiana,Ohio County,5875
Indiana,Orange County,19646
Indiana,Owen County,20799
Indiana,Parke County,16937
Indiana,Perry County,19169
Indiana,Pike County,12389
Indiana,Porter County,170389
Indiana,Posey County,25427
Indiana,Pulaski County,12353
Indiana,Putnam County,37576
Indiana,Randolph County,24665
Indiana,Ripley County,28324
Indiana,Rush County,16581
Indiana,St. Joseph County,271826
Indiana,Scott County,23873
Indiana,Shelby County,44729
Indiana,Spencer County,20277
Indiana,Starke County,22995
Indiana,Steuben County,34594
Indiana,Sullivan County,20669
Indiana,Switzerland County,10751
Indiana,Tippecanoe County,195732
Indiana,Tipton County,15148
Indiana,Union County,7054
Indiana,Vanderburgh County,181451
Indiana,Vermillion County,15498
Indiana,Vigo County,107038
Indiana,Wabash County,30996
Indiana,Warren County,8265
Indiana,Warrick County,62998
Indiana,Washington County,28036
Indiana,Wayne County,65884
Indiana,Wells County,28296
Indiana,White County,24102
Indiana,Whitley County,33964
Iowa,Iowa,3155070
Iowa,Adair County,7152
Iowa,Adams County,3602
Iowa,Allamakee County,13687
Iowa,Appanoose County,12426
Iowa,Audubon County,5496
Iowa,Benton County,25645
Iowa,Black Hawk County,131228
Iowa,Boone County,26234
Iowa,Bremer County,25062
Iowa,Buchanan County,21175
Iowa,Buena Vista County,19620
Iowa,Butler County,14439
Iowa,Calhoun County,9668
Iowa,Carroll County,20165
Iowa,Cass County,12836
Iowa,Cedar County,18627
Iowa,Cerro Gordo County,42450
Iowa,Cherokee County,11235
Iowa,Chickasaw County,11933
Iowa,Clarke County,9395
Iowa,Clay County,16016
Iowa,Clayton County,17549
Iowa,Clinton County,46429
Iowa,Crawford County,16820
Iowa,Dallas County,93453
Iowa,Davis County,9000
Iowa,Decatur County,7870
Iowa,Delaware County,17011
Iowa,Des Moines County,38967
Iowa,Dickinson County,17258
Iowa,Dubuque County,97311
Iowa,Emmet County,9208
Iowa,Fayette County,19650
Iowa,Floyd County,15642
Iowa,Franklin County,10070
Iowa,Fremont County,6960
Iowa,Greene County,8888
Iowa,Grundy County,12232
Iowa,Guthrie County,10689
Iowa,Hamilton County,14773
Iowa,Hancock County,10630
Iowa,Hardin County,16846
Iowa,Harrison County,14049
Iowa,Henry County,19954
Iowa,Howard County,9158
Iowa,Humboldt County,9558
Iowa,Ida County,6860
Iowa,Iowa County,16184
Iowa,Jackson County,19439
Iowa,Jasper County,37185
Iowa,Jefferson County,18295
Iowa,Johnson County,151140
Iowa,Jones County,20681
Iowa,Keokuk County,10246
Iowa,Kossuth County,14813
Iowa,Lee County,33657
Iowa,Linn County,226706
Iowa,Louisa County,11035
Iowa,Lucas County,8600
Iowa,Lyon County,11755
Iowa,Madison County,16338
Iowa,Mahaska County,22095
Iowa,Marion County,33253
Iowa,Marshall County,39369
Iowa,Mills County,15109
Iowa,Mitchell County,10586
Iowa,Monona County,8615
Iowa,Monroe County,7707
Iowa,Montgomery County,9917
Iowa,Muscatine County,42664
Iowa,O'Brien County,13753
Iowa,Osceola County,5958
Iowa,Page County,15107
Iowa,Palo Alto County,8886
Iowa,Plymouth County,25177
Iowa,Pocahontas County,6619
Iowa,Polk County,490161
Iowa,Pottawattamie County,93206
Iowa,Poweshiek County,18504
Iowa,Ringgold County,4894
Iowa,Sac County,9721
Iowa,Scott County,172943
Iowa,Shelby County,11454
Iowa,Sioux County,34855
Iowa,Story County,97117
Iowa,Tama County,16854
Iowa,Taylor County,6121
Iowa,Union County,12241
Iowa,Van Buren County,7044
Iowa,Wapello County,34969
Iowa,Warren County,51466
Iowa,Washington County,21965
Iowa,Wayne County,6441
Iowa,Webster County,35904
Iowa,Winnebago County,10354
Iowa,Winneshiek County,19991
Iowa,Woodbury County,103107
Iowa,Worth County,7381
Iowa,Wright County,12562
Kansas,Kansas,2913314
Kansas,Allen County,12369
Kansas,Anderson County,7858
Kansas,Atchison County,16073
Kansas,Barber County,4427
Kansas,Barton County,25779
Kansas,Bourbon County,14534
Kansas,Brown County,9564
Kansas,Butler County,66911
Kansas,Chase County,2648
Kansas,Chautauqua County,3250
Kansas,Cherokee County,19939
Kansas,Cheyenne County,2657
Kansas,Clark County,1994
Kansas,Clay County,8002
Kansas,Cloud County,8786
Kansas,Coffey County,8179
Kansas,Comanche County,1700
Kansas,Cowley County,34908
Kansas,Crawford County,38818
Kansas,Decatur County,2827
Kansas,Dickinson County,18466
Kansas,Doniphan County,7600
Kansas,Douglas County,122259
Kansas,Edwards County,2798
Kansas,Elk County,2530
Kansas,Ellis County,28553
Kansas,Ellsworth County,6102
Kansas,Finney County,36467
Kansas,Ford County,33619
Kansas,Franklin County,25544
Kansas,Geary County,31670
Kansas,Gove County,2636
Kansas,Graham County,2482
Kansas,Grant County,7150
Kansas,Gray County,5988
Kansas,Greeley County,1232
Kansas,Greenwood County,5982
Kansas,Hamilton County,2539
Kansas,Harper County,5436
Kansas,Harvey County,34429
Kansas,Haskell County,3968
Kansas,Hodgeman County,1794
Kansas,Jackson County,13171
Kansas,Jefferson County,19043
Kansas,Jewell County,2879
Kansas,Johnson County,602401
Kansas,Kearny County,3838
Kansas,Kingman County,7152
Kansas,Kiowa County,2475
Kansas,Labette County,19618
Kansas,Lane County,1535
Kansas,Leavenworth County,81758
Kansas,Lincoln County,2962
Kansas,Linn County,9703
Kansas,Logan County,2794
Kansas,Lyon County,33195
Kansas,McPherson County,28542
Kansas,Marion County,11884
Kansas,Marshall County,9707
Kansas,Meade County,4033
Kansas,Miami County,34237
Kansas,Mitchell County,5979
Kansas,Montgomery County,31829
Kansas,Morris County,5620
Kansas,Morton County,2587
Kansas,Nemaha County,10231
Kansas,Neosho County,16007
Kansas,Ness County,2750
Kansas,Norton County,5361
Kansas,Osage County,15949
Kansas,Osborne County,3421
Kansas,Ottawa County,5704
Kansas,Pawnee County,6414
Kansas,Phillips County,5234
Kansas,Pottawatomie County,24383
Kansas,Pratt County,9164
Kansas,Rawlins County,2530
Kansas,Reno County,61998
Kansas,Republic County,4636
Kansas,Rice County,9537
Kansas,Riley County,74232
Kansas,Rooks County,4920
Kansas,Rush County,3036
Kansas,Russell County,6856
Kansas,Saline County,54224
Kansas,Scott County,4823
Kansas,Sedgwick County,516042
Kansas,Seward County,21428
Kansas,Shawnee County,176875
Kansas,Sheridan County,2521
Kansas,Sherman County,5917
Kansas,Smith County,3583
Kansas,Stafford County,4156
Kansas,Stanton County,2006
Kansas,Stevens County,5485
Kansas,Sumner County,22836
Kansas,Thomas County,7777
Kansas,Trego County,2803
Kansas,Wabaunsee County,6931
Kansas,Wallace County,1518
Kansas,Washington County,5406
Kansas,Wichita County,2119
Kansas,Wilson County,8525
Kansas,Woodson County,3138
Kansas,Wyandotte County,165429
Kentucky,Kentucky,4467673
Kentucky,Adair County,19202
Kentucky,Allen County,21315
Kentucky,Anderson County,22747
Kentucky,Ballard County,7888
Kentucky,Barren County,44249
Kentucky,Bath County,12500
Kentucky,Bell County,26032
Kentucky,Boone County,133581
Kentucky,Bourbon County,19788
Kentucky,Boyd County,46718
Kentucky,Boyle County,30060
Kentucky,Bracken County,8303
Kentucky,Breathitt County,12630
Kentucky,Breckinridge County,20477
Kentucky,Bullitt County,81676
Kentucky,Butler County,12879
Kentucky,Caldwell County,12747
Kentucky,Calloway County,39001
Kentucky,Campbell County,93584
Kentucky,Carlisle County,4760
Kentucky,Carroll County,10631
Kentucky,Carter County,26797
Kentucky,Casey County,16159
Kentucky,Christian County,70461
Kentucky,Clark County,36263
Kentucky,Clay County,19901
Kentucky,Clinton County,10218
Kentucky,Crittenden County,8806
Kentucky,Cumberland County,6614
Kentucky,Daviess County,101511
Kentucky,Edmonson County,12150
Kentucky,Elliott County,7517
Kentucky,Estill County,14106
Kentucky,Fayette County,323152
Kentucky,Fleming County,14581
Kentucky,Floyd County,35589
Kentucky,Franklin County,50991
Kentucky,Fulton County,5969
Kentucky,Gallatin County,8869
Kentucky,Garrard County,17666
Kentucky,Grant County,25069
Kentucky,Graves County,37266
Kentucky,Grayson County,26427
Kentucky,Green County,10941
Kentucky,Greenup County,35098
Kentucky,Hancock County,8722
Kentucky,Hardin County,110958
Kentucky,Harlan County,26010
Kentucky,Harrison County,18886
Kentucky,Hart County,19035
Kentucky,Henderson County,45210
Kentucky,Henry County,16126
Kentucky,Hickman County,4380
Kentucky,Hopkins County,44686
Kentucky,Jackson County,13329
Kentucky,Jefferson County,766757
Kentucky,Jessamine County,54115
Kentucky,Johnson County,22188
Kentucky,Kenton County,166998
Kentucky,Knott County,14806
Kentucky,Knox County,31145
Kentucky,Larue County,14398
Kentucky,Laurel County,60813
Kentucky,Lawrence County,15317
Kentucky,Lee County,7403
Kentucky,Leslie County,9877
Kentucky,Letcher County,21553
Kentucky,Lewis County,13275
Kentucky,Lincoln County,24549
Kentucky,Livingston County,9194
Kentucky,Logan County,27102
Kentucky,Lyon County,8210
Kentucky,McCracken County,65418
Kentucky,McCreary County,17231
Kentucky,McLean County,9207
Kentucky,Madison County,92987
Kentucky,Magoffin County,12161
Kentucky,Marion County,19273
Kentucky,Marshall County,31100
Kentucky,Martin County,11195
Kentucky,Mason County,17070
Kentucky,Meade County,28572
Kentucky,Menifee County,6489
Kentucky,Mercer County,21933
Kentucky,Metcalfe County,10071
Kentucky,Monroe County,10650
Kentucky,Montgomery County,28157
Kentucky,Morgan County,13309
Kentucky,Muhlenberg County,30622
Kentucky,Nelson County,46233
Kentucky,Nicholas County,7269
Kentucky,Ohio County,23994
Kentucky,Oldham County,66799
Kentucky,Owen County,10901
Kentucky,Owsley County,4415
Kentucky,Pendleton County,14590
Kentucky,Perry County,25758
Kentucky,Pike County,57876
Kentucky,Powell County,12359
Kentucky,Pulaski County,64979
Kentucky,Robertson County,2108
Kentucky,Rockcastle County,16695
Kentucky,Rowan County,24460
Kentucky,Russell County,17923
Kentucky,Scott County,57004
Kentucky,Shelby County,49024
Kentucky,Simpson County,18572
Kentucky,Spencer County,19351
Kentucky,Taylor County,25769
Kentucky,Todd County,12294
Kentucky,Trigg County,14651
Kentucky,Trimble County,8471
Kentucky,Union County,14381
Kentucky,Warren County,132896
Kentucky,Washington County,12095
Kentucky,Wayne County,20333
Kentucky,Webster County,12942
Kentucky,Whitley County,36264
Kentucky,Wolfe County,7157
Kentucky,Woodford County,26734
Louisiana,Louisiana,4648794
Louisiana,Acadia Parish,62045
Louisiana,Allen Parish,25627
Louisiana,Ascension Parish,126604
Louisiana,Assumption Parish,21891
Louisiana,Avoyelles Parish,40144
Louisiana,Beauregard Parish,37497
Louisiana,Bienville Parish,13241
Louisiana,Bossier Parish,127039
Louisiana,Caddo Parish,240204
Louisiana,Calcasieu Parish,203436
Louisiana,Caldwell Parish,9918
Louisiana,Cameron Parish,6973
Louisiana,Catahoula Parish,9494
Louisiana,Claiborne Parish,15670
Louisiana,Concordia Parish,19259
Louisiana,De Soto Parish,27463
Louisiana,East Baton Rouge Parish,440059
Louisiana,East Carroll Parish,6861
Louisiana,East Feliciana Parish,19135
Louisiana,Evangeline Parish,33395
Louisiana,Franklin Parish,20015
Louisiana,Grant Parish,22389
Louisiana,Iberia Parish,69830
Louisiana,Iberville Parish,32511
Louisiana,Jackson Parish,15744
Louisiana,Jefferson Parish,432493
Louisiana,Jefferson Davis Parish,31368
Louisiana,Lafayette Parish,244390
Louisiana,Lafourche Parish,97614
Louisiana,LaSalle Parish,14892
Louisiana,Lincoln Parish,46742
Louisiana,Livingston Parish,140789
Louisiana,Madison Parish,10951
Louisiana,Morehouse Parish,24874
Louisiana,Natchitoches Parish,38158
Louisiana,Orleans Parish,390144
Louisiana,Ouachita Parish,153279
Louisiana,Plaquemines Parish,23197
Louisiana,Pointe Coupee Parish,21730
Louisiana,Rapides Parish,129648
Louisiana,Red River Parish,8442
Louisiana,Richland Parish,20122
Louisiana,Sabine Parish,23884
Louisiana,St. Bernard Parish,47244
Louisiana,St. Charles Parish,53100
Louisiana,St. Helena Parish,10132
Louisiana,St. James Parish,21096
Louisiana,St. John the Baptist Parish,42837
Louisiana,St. Landry Parish,82124
Louisiana,St. Martin Parish,53431
Louisiana,St. Mary Parish,49348
Louisiana,St. Tammany Parish,260419
Louisiana,Tangipahoa Parish,134758
Louisiana,Tensas Parish,4334
Louisiana,Terrebonne Parish,110461
Louisiana,Union Parish,22108
Louisiana,Vermilion Parish,59511
Louisiana,Vernon Parish,47429
Louisiana,Washington Parish,46194
Louisiana,Webster Parish,38340
Louisiana,West Baton Rouge Parish,26465
Louisiana,West Carroll Parish,10830
Louisiana,West Feliciana Parish,15568
Louisiana,Winn Parish,13904
Maine,Maine,1344212
Maine,Androscoggin County,108277
Maine,Aroostook County,67055
Maine,Cumberland County,295003
Maine,Franklin County,30199
Maine,Hancock County,54987
Maine,Kennebec County,122302
Maine,Knox County,39772
Maine,Lincoln County,34634
Maine,Oxford County,57975
Maine,Penobscot County,152148
Maine,Piscataquis County,16785
Maine,Sagadahoc County,35856
Maine,Somerset County,50484
Maine,Waldo County,39715
Maine,Washington County,31379
Maine,York County,207641
Maryland,Maryland,6045680
Maryland,Allegany County,70416
Maryland,Anne Arundel County,579234
Maryland,Baltimore County,827370
Maryland,Calvert County,92525
Maryland,Caroline County,33406
Maryland,Carroll County,168447
Maryland,Cecil County,102855
Maryland,Charles County,163257
Maryland,Dorchester County,31929
Maryland,Frederick County,259547
Maryland,Garrett County,29014
Maryland,Harford County,255441
Maryland,Howard County,325690
Maryland,Kent County,19422
Maryland,Montgomery County,1050688
Maryland,Prince George's County,909327
Maryland,Queen Anne's County,50381
Maryland,St. Mary's County,113510
Maryland,Somerset County,25616
Maryland,Talbot County,37181
Maryland,Washington County,151049
Maryland,Wicomico County,103609
Maryland,Worcester County,52276
Maryland,Baltimore city,593490
Massachusetts,Massachusetts,6892503
Massachusetts,Barnstable County,212990
Massachusetts,Berkshire County,124944
Massachusetts,Bristol County,565217
Massachusetts,Dukes County,17332
Massachusetts,Essex County,789034
Massachusetts,Franklin County,70180
Massachusetts,Hampden County,466372
Massachusetts,Hampshire County,160830
Massachusetts,Middlesex County,1611699
Massachusetts,Nantucket County,11399
Massachusetts,Norfolk County,706775
Massachusetts,Plymouth County,521202
Massachusetts,Suffolk County,803907
Massachusetts,Worcester County,830622
Michigan,Michigan,9986857
Michigan,Alcona County,10405
Michigan,Alger County,9108
Michigan,Allegan County,118081
Michigan,Alpena County,28405
Michigan,Antrim County,23324
Michigan,Arenac County,14883
Michigan,Baraga County,8209
Michigan,Barry County,61550
Michigan,Bay County,103126
Michigan,Benzie County,17766
Michigan,Berrien County,153401
Michigan,Branch County,43517
Michigan,Calhoun County,134159
Michigan,Cass County,51787
Michigan,Charlevoix County,26143
Michigan,Cheboygan County,25276
Michigan,Chippewa County,37349
Michigan,Clare County,30950
Michigan,Clinton County,79595
Michigan,Crawford County,14029
Michigan,Delta County,35784
Michigan,Dickinson County,25239
Michigan,Eaton County,110268
Michigan,Emmet County,33415
Michigan,Genesee County,405813
Michigan,Gladwin County,25449
Michigan,Gogebic County,13975
Michigan,Grand Traverse County,93088
Michigan,Gratiot County,40711
Michigan,Hillsdale County,45605
Michigan,Houghton County,35684
Michigan,Huron County,30981
Michigan,Ingham County,292406
Michigan,Ionia County,64697
Michigan,Iosco County,25127
Michigan,Iron County,11066
Michigan,Isabella County,69872
Michigan,Jackson County,158510
Michigan,Kalamazoo County,265066
Michigan,Kalkaska County,18038
Michigan,Kent County,656955
Michigan,Keweenaw County,2116
Michigan,Lake County,11853
Michigan,Lapeer County,87607
Michigan,Leelanau County,21761
Michigan,Lenawee County,98451
Michigan,Livingston County,191995
Michigan,Luce County,6229
Michigan,Mackinac County,10799
Michigan,Macomb County,873972
Michigan,Manistee County,24558
Michigan,Marquette County,66699
Michigan,Mason County,29144
Michigan,Mecosta County,43453
Michigan,Menominee County,22780
Michigan,Midland County,83156
Michigan,Missaukee County,15118
Michigan,Monroe County,150500
Michigan,Montcalm County,63888
Michigan,Montmorency County,9328
Michigan,Muskegon County,173566
Michigan,Newaygo County,48980
Michigan,Oakland County,1257584
Michigan,Oceana County,26467
Michigan,Ogemaw County,20997
Michigan,Ontonagon County,5720
Michigan,Osceola County,23460
Michigan,Oscoda County,8241
Michigan,Otsego County,24668
Michigan,Ottawa County,291830
Michigan,Presque Isle County,12592
Michigan,Roscommon County,24019
Michigan,Saginaw County,190539
Michigan,St. Clair County,159128
Michigan,St. Joseph County,60964
Michigan,Sanilac County,41170
Michigan,Schoolcraft County,8094
Michigan,Shiawassee County,68122
Michigan,Tuscola County,52245
Michigan,Van Buren County,75677
Michigan,Washtenaw County,367601
Michigan,Wayne County,1749343
Michigan,Wexford County,33631
Minnesota,Minnesota,5639632
Minnesota,Aitkin County,15886
Minnesota,Anoka County,356921
Minnesota,Becker County,34423
Minnesota,Beltrami County,47188
Minnesota,Benton County,40889
Minnesota,Big Stone County,4991
Minnesota,Blue Earth County,67653
Minnesota,Brown County,25008
Minnesota,Carlton County,35871
Minnesota,Carver County,105089
Minnesota,Cass County,29779
Minnesota,Chippewa County,11800
Minnesota,Chisago County,56579
Minnesota,Clay County,64222
Minnesota,Clearwater County,8818
Minnesota,Cook County,5463
Minnesota,Cottonwood County,11196
Minnesota,Crow Wing County,65055
Minnesota,Dakota County,429021
Minnesota,Dodge County,20934
Minnesota,Douglas County,38141
Minnesota,Faribault County,13653
Minnesota,Fillmore County,21067
Minnesota,Freeborn County,30281
Minnesota,Goodhue County,46340
Minnesota,Grant County,5972
Minnesota,Hennepin County,1265843
Minnesota,Houston County,18600
Minnesota,Hubbard County,21491
Minnesota,Isanti County,40596
Minnesota,Itasca County,45130
Minnesota,Jackson County,9846
Minnesota,Kanabec County,16337
Minnesota,Kandiyohi County,43199
Minnesota,Kittson County,4298
Minnesota,Koochiching County,12229
Minnesota,Lac qui Parle County,6623
Minnesota,Lake County,10641
Minnesota,Lake of the Woods County,3740
Minnesota,Le Sueur County,28887
Minnesota,Lincoln County,5639
Minnesota,Lyon County,25474
Minnesota,McLeod County,35893
Minnesota,Mahnomen County,5527
Minnesota,Marshall County,9336
Minnesota,Martin County,19683
Minnesota,Meeker County,23222
Minnesota,Mille Lacs County,26277
Minnesota,Morrison County,33386
Minnesota,Mower County,40062
Minnesota,Murray County,8194
Minnesota,Nicollet County,34274
Minnesota,Nobles County,21629
Minnesota,Norman County,6375
Minnesota,Olmsted County,158293
Minnesota,Otter Tail County,58746
Minnesota,Pennington County,14119
Minnesota,Pine County,29579
Minnesota,Pipestone County,9126
Minnesota,Polk County,31364
Minnesota,Pope County,11249
Minnesota,Ramsey County,550321
Minnesota,Red Lake County,4055
Minnesota,Redwood County,15170
Minnesota,Renville County,14548
Minnesota,Rice County,66972
Minnesota,Rock County,9315
Minnesota,Roseau County,15165
Minnesota,St. Louis County,199070
Minnesota,Scott County,149013
Minnesota,Sherburne County,97238
Minnesota,Sibley County,14865
Minnesota,Stearns County,161075
Minnesota,Steele County,36649
Minnesota,Stevens County,9805
Minnesota,Swift County,9266
Minnesota,Todd County,24664
Minnesota,Traverse County,3259
Minnesota,Wabasha County,21627
Minnesota,Wadena County,13682
Minnesota,Waseca County,18612
Minnesota,Washington County,262440
Minnesota,Watonwan County,10897
Minnesota,Wilkin County,6207
Minnesota,Winona County,50484
Minnesota,Wright County,138377
Minnesota,Yellow Medicine County,9709
Mississippi,Mississippi,2976149
Mississippi,Adams County,30693
Mississippi,Alcorn County,36953
Mississippi,Amite County,12297
Mississippi,Attala County,18174
Mississippi,Benton County,8259
Mississippi,Bolivar County,30628
Mississippi,Calhoun County,14361
Mississippi,Carroll County,9947
Mississippi,Chickasaw County,17103
Mississippi,Choctaw County,8210
Mississippi,Claiborne County,8988
Mississippi,Clarke County,15541
Mississippi,Clay County,19316
Mississippi,Coahoma County,22124
Mississippi,Copiah County,28065
Mississippi,Covington County,18636
Mississippi,DeSoto County,184945
Mississippi,Forrest County,74897
Mississippi,Franklin County,7713
Mississippi,George County,24500
Mississippi,Greene County,13586
Mississippi,Grenada County,20758
Mississippi,Hancock County,47632
Mississippi,Harrison County,208080
Mississippi,Hinds County,231840
Mississippi,Holmes County,17010
Mississippi,Humphreys County,8064
Mississippi,Issaquena County,1327
Mississippi,Itawamba County,23390
Mississippi,Jackson County,143617
Mississippi,Jasper County,16383
Mississippi,Jefferson County,6990
Mississippi,Jefferson Davis County,11128
Mississippi,Jones County,68098
Mississippi,Kemper County,9742
Mississippi,Lafayette County,54019
Mississippi,Lamar County,63343
Mississippi,Lauderdale County,74125
Mississippi,Lawrence County,12586
Mississippi,Leake County,22786
Mississippi,Lee County,85436
Mississippi,Leflore County,28183
Mississippi,Lincoln County,34153
Mississippi,Lowndes County,58595
Mississippi,Madison County,106272
Mississippi,Marion County,24573
Mississippi,Marshall County,35294
Mississippi,Monroe County,35252
Mississippi,Montgomery County,9775
Mississippi,Neshoba County,29118
Mississippi,Newton County,21018
Mississippi,Noxubee County,10417
Mississippi,Oktibbeha County,49587
Mississippi,Panola County,34192
Mississippi,Pearl River County,55535
Mississippi,Perry County,11973
Mississippi,Pike County,39288
Mississippi,Pontotoc County,32174
Mississippi,Prentiss County,25126
Mississippi,Quitman County,6792
Mississippi,Rankin County,155271
Mississippi,Scott County,28124
Mississippi,Sharkey County,4321
Mississippi,Simpson County,26658
Mississippi,Smith County,15916
Mississippi,Stone County,18336
Mississippi,Sunflower County,25110
Mississippi,Tallahatchie County,13809
Mississippi,Tate County,28321
Mississippi,Tippah County,22015
Mississippi,Tishomingo County,19383
Mississippi,Tunica County,9632
Mississippi,Union County,28815
Mississippi,Walthall County,14286
Mississippi,Warren County,45381
Mississippi,Washington County,43909
Mississippi,Wayne County,20183
Mississippi,Webster County,9689
Mississippi,Wilkinson County,8630
Mississippi,Winston County,17955
Mississippi,Yalobusha County,12108
Mississippi,Yazoo County,29690
Missouri,Missouri,6137428
Missouri,Adair County,25343
Missouri,Andrew County,17712
Missouri,Atchison County,5143
Missouri,Audrain County,25388
Missouri,Barry County,35789
Missouri,Barton County,11754
Missouri,Bates County,16172
Missouri,Benton County,19443
Missouri,Bollinger County,12133
Missouri,Boone County,180463
Missouri,Buchanan County,87364
Missouri,Butler County,42478
Missouri,Caldwell County,9020
Missouri,Callaway County,44743
Missouri,Camden County,46305
Missouri,Cape Girardeau County,78871
Missouri,Carroll County,8679
Missouri,Carter County,5982
Missouri,Cass County,105780
Missouri,Cedar County,14349
Missouri,Chariton County,7426
Missouri,Christian County,88595
Missouri,Clark County,6797
Missouri,Clay County,249948
Missouri,Clinton County,20387
Missouri,Cole County,76745
Missouri,Cooper County,17709
Missouri,Crawford County,23920
Missouri,Dade County,7561
Missouri,Dallas County,16878
Missouri,Daviess County,8278
Missouri,DeKalb County,12547
Missouri,Dent County,15573
Missouri,Douglas County,13185
Missouri,Dunklin County,29131
Missouri,Franklin County,103967
Missouri,Gasconade County,14706
Missouri,Gentry County,6571
Missouri,Greene County,293086
Missouri,Grundy County,9850
Missouri,Harrison County,8352
Missouri,Henry County,21824
Missouri,Hickory County,9544
Missouri,Holt County,4403
Missouri,Howard County,10001
Missouri,Howell County,40117
Missouri,Iron County,10125
Missouri,Jackson County,703011
Missouri,Jasper County,121328
Missouri,Jefferson County,225081
Missouri,Johnson County,54062
Missouri,Knox County,3959
Missouri,Laclede County,35723
Missouri,Lafayette County,32708
Missouri,Lawrence County,38355
Missouri,Lewis County,9776
Missouri,Lincoln County,59013
Missouri,Linn County,11920
Missouri,Livingston County,15227
Missouri,McDonald County,22837
Missouri,Macon County,15117
Missouri,Madison County,12088
Missouri,Maries County,8697
Missouri,Marion County,28530
Missouri,Mercer County,3617
Missouri,Miller County,25619
Missouri,Mississippi County,13180
Missouri,Moniteau County,16132
Missouri,Monroe County,8644
Missouri,Montgomery County,11551
Missouri,Morgan County,20627
Missouri,New Madrid County,17076
Missouri,Newton County,58236
Missouri,Nodaway County,22092
Missouri,Oregon County,10529
Missouri,Osage County,13615
Missouri,Ozark County,9174
Missouri,Pemiscot County,15805
Missouri,Perry County,19136
Missouri,Pettis County,42339
Missouri,Phelps County,44573
Missouri,Pike County,18302
Missouri,Platte County,104418
Missouri,Polk County,32149
Missouri,Pulaski County,52607
Missouri,Putnam County,4696
Missouri,Ralls County,10309
Missouri,Randolph County,24748
Missouri,Ray County,23018
Missouri,Reynolds County,6270
Missouri,Ripley County,13288
Missouri,St. Charles County,402022
Missouri,St. Clair County,9397
Missouri,Ste. Genevieve County,17894
Missouri,St. Francois County,67215
Missouri,St. Louis County,994205
Missouri,Saline County,22761
Missouri,Schuyler County,4660
Missouri,Scotland County,4902
Missouri,Scott County,38280
Missouri,Shannon County,8166
Missouri,Shelby County,5930
Missouri,Stoddard County,29025
Missouri,Stone County,31952
Missouri,Sullivan County,6089
Missouri,Taney County,55928
Missouri,Texas County,25398
Missouri,Vernon County,20563
Missouri,Warren County,35649
Missouri,Washington County,24730
Missouri,Wayne County,12873
Missouri,Webster County,39592
Missouri,Worth County,2013
Missouri,Wright County,18289
Missouri,St. Louis city,300576
Montana,Montana,1068778
Montana,Beaverhead County,9453
Montana,Big Horn County,13319
Montana,Blaine County,6681
Montana,Broadwater County,6237
Montana,Carbon County,10725
Montana,Carter County,1252
Montana,Cascade County,81366
Montana,Chouteau County,5635
Montana,Custer County,11402
Montana,Daniels County,1690
Montana,Dawson County,8613
Montana,Deer Lodge County,9140
Montana,Fallon County,2846
Montana,Fergus County,11050
Montana,Flathead County,103806
Montana,Gallatin County,114434
Montana,Garfield County,1258
Montana,Glacier County,13753
Montana,Golden Valley County,821
Montana,Granite County,3379
Montana,Hill County,16484
Montana,Jefferson County,12221
Montana,Judith Basin County,2007
Montana,Lake County,30458
Montana,Lewis and Clark County,69432
Montana,Liberty County,2337
Montana,Lincoln County,19980
Montana,McCone County,1664
Montana,Madison County,8600
Montana,Meagher County,1862
Montana,Mineral County,4397
Montana,Missoula County,119600
Montana,Musselshell County,4633
Montana,Park County,16606
Montana,Petroleum County,487
Montana,Phillips County,3954
Montana,Pondera County,5911
Montana,Powder River County,1682
Montana,Powell County,6890
Montana,Prairie County,1077
Montana,Ravalli County,43806
Montana,Richland County,10803
Montana,Roosevelt County,11004
Montana,Rosebud County,8937
Montana,Sanders County,12113
Montana,Sheridan County,3309
Montana,Silver Bow County,34915
Montana,Stillwater County,9642
Montana,Sweet Grass County,3737
Montana,Teton County,6147
Montana,Toole County,4736
Montana,Treasure County,696
Montana,Valley County,7396
Montana,Wheatland County,2126
Montana,Wibaux County,969
Montana,Yellowstone County,161300
Nebraska,Nebraska,1934408
Nebraska,Adams County,31363
Nebraska,Antelope County,6298
Nebraska,Arthur County,463
Nebraska,Banner County,745
Nebraska,Blaine County,465
Nebraska,Boone County,5192
Nebraska,Box Butte County,10783
Nebraska,Boyd County,1919
Nebraska,Brown County,2955
Nebraska,Buffalo County,49659
Nebraska,Burt County,6459
Nebraska,Butler County,8016
Nebraska,Cass County,26248
Nebraska,Cedar County,8402
Nebraska,Chase County,3924
Nebraska,Cherry County,5689
Nebraska,Cheyenne County,8910
Nebraska,Clay County,6203
Nebraska,Colfax County,10709
Nebraska,Cuming County,8846
Nebraska,Custer County,10777
Nebraska,Dakota County,20026
Nebraska,Dawes County,8589
Nebraska,Dawson County,23595
Nebraska,Deuel County,1794
Nebraska,Dixon County,5636
Nebraska,Dodge County,36565
Nebraska,Douglas County,571327
Nebraska,Dundy County,1693
Nebraska,Fillmore County,5462
Nebraska,Franklin County,2979
Nebraska,Frontier County,2627
Nebraska,Furnas County,4676
Nebraska,Gage County,21513
Nebraska,Garden County,1837
Nebraska,Garfield County,1969
Nebraska,Gosper County,1990
Nebraska,Grant County,623
Nebraska,Greeley County,2356
Nebraska,Hall County,61353
Nebraska,Hamilton County,9324
Nebraska,Harlan County,3380
Nebraska,Hayes County,922
Nebraska,Hitchcock County,2762
Nebraska,Holt County,10067
Nebraska,Hooker County,682
Nebraska,Howard County,6445
Nebraska,Jefferson County,7046
Nebraska,Johnson County,5071
Nebraska,Kearney County,6495
Nebraska,Keith County,8034
Nebraska,Keya Paha County,806
Nebraska,Kimball County,3632
Nebraska,Knox County,8332
Nebraska,Lancaster County,319090
Nebraska,Lincoln County,34914
Nebraska,Logan County,748
Nebraska,Loup County,664
Nebraska,McPherson County,494
Nebraska,Madison County,35099
Nebraska,Merrick County,7755
Nebraska,Morrill County,4642
Nebraska,Nance County,3519
Nebraska,Nemaha County,6972
Nebraska,Nuckolls County,4148
Nebraska,Otoe County,16012
Nebraska,Pawnee County,2613
Nebraska,Perkins County,2891
Nebraska,Phelps County,9034
Nebraska,Pierce County,7148
Nebraska,Platte County,33470
Nebraska,Polk County,5213
Nebraska,Red Willow County,10724
Nebraska,Richardson County,7865
Nebraska,Rock County,1357
Nebraska,Saline County,14224
Nebraska,Sarpy County,187196
Nebraska,Saunders County,21578
Nebraska,Scotts Bluff County,35618
Nebraska,Seward County,17284
Nebraska,Sheridan County,5246
Nebraska,Sherman County,3001
Nebraska,Sioux County,1166
Nebraska,Stanton County,5920
Nebraska,Thayer County,5003
Nebraska,Thomas County,722
Nebraska,Thurston County,7224
Nebraska,Valley County,4158
Nebraska,Washington County,20729
Nebraska,Wayne County,9385
Nebraska,Webster County,3487
Nebraska,Wheeler County,783
Nebraska,York County,13679
Nevada,Nevada,3080156
Nevada,Churchill County,24909
Nevada,Clark County,2266715
Nevada,Douglas County,48905
Nevada,Elko County,52778
Nevada,Esmeralda County,873
Nevada,Eureka County,2029
Nevada,Humboldt County,16831
Nevada,Lander County,5532
Nevada,Lincoln County,5183
Nevada,Lyon County,57510
Nevada,Mineral County,4505
Nevada,Nye County,46523
Nevada,Pershing County,6725
Nevada,Storey County,4123
Nevada,Washoe County,471519
Nevada,White Pine County,9580
Nevada,Carson City,55916
New Hampshire,New Hampshire,1359711
New Hampshire,Belknap County,61303
New Hampshire,Carroll County,48910
New Hampshire,Cheshire County,76085
New Hampshire,Coos County,31563
New Hampshire,Grafton County,89886
New Hampshire,Hillsborough County,417025
New Hampshire,Merrimack County,151391
New Hampshire,Rockingham County,309769
New Hampshire,Strafford County,130633
New Hampshire,Sullivan County,43146
New Jersey,New Jersey,8882190
New Jersey,Atlantic County,263670
New Jersey,Bergen County,932202
New Jersey,Burlington County,445349
New Jersey,Camden County,506471
New Jersey,Cape May County,92039
New Jersey,Cumberland County,149527
New Jersey,Essex County,798975
New Jersey,Gloucester County,291636
New Jersey,Hudson County,672391
New Jersey,Hunterdon County,124371
New Jersey,Mercer County,367430
New Jersey,Middlesex County,825062
New Jersey,Monmouth County,618795
New Jersey,Morris County,491845
New Jersey,Ocean County,607186
New Jersey,Passaic County,501826
New Jersey,Salem County,62385
New Jersey,Somerset County,328934
New Jersey,Sussex County,140488
New Jersey,Union County,556341
New Jersey,Warren County,105267
New Mexico,New Mexico,2096829
New Mexico,Bernalillo County,679121
New Mexico,Catron County,3527
New Mexico,Chaves County,64615
New Mexico,Cibola County,26675
New Mexico,Colfax County,11941
New Mexico,Curry County,48954
New Mexico,De Baca County,1748
New Mexico,Do�a Ana County,218195
New Mexico,Eddy County,58460
New Mexico,Grant County,26998
New Mexico,Guadalupe County,4300
New Mexico,Harding County,625
New Mexico,Hidalgo County,4198
New Mexico,Lea County,71070
New Mexico,Lincoln County,19572
New Mexico,Los Alamos County,19369
New Mexico,Luna County,23709
New Mexico,McKinley County,71367
New Mexico,Mora County,4521
New Mexico,Otero County,67490
New Mexico,Quay County,8253
New Mexico,Rio Arriba County,38921
New Mexico,Roosevelt County,18500
New Mexico,Sandoval County,146748
New Mexico,San Juan County,123958
New Mexico,San Miguel County,27277
New Mexico,Santa Fe County,150358
New Mexico,Sierra County,10791
New Mexico,Socorro County,16637
New Mexico,Taos County,32723
New Mexico,Torrance County,15461
New Mexico,Union County,4059
New Mexico,Valencia County,76688
New York,New York,19453561
New York,Albany County,305506
New York,Allegany County,46091
New York,Bronx County,1418207
New York,Broome County,190488
New York,Cattaraugus County,76117
New York,Cayuga County,76576
New York,Chautauqua County,126903
New York,Chemung County,83456
New York,Chenango County,47207
New York,Clinton County,80485
New York,Columbia County,59461
New York,Cortland County,47581
New York,Delaware County,44135
New York,Dutchess County,294218
New York,Erie County,918702
New York,Essex County,36885
New York,Franklin County,50022
New York,Fulton County,53383
New York,Genesee County,57280
New York,Greene County,47188
New York,Hamilton County,4416
New York,Herkimer County,61319
New York,Jefferson County,109834
New York,Kings County,2559903
New York,Lewis County,26296
New York,Livingston County,62914
New York,Madison County,70941
New York,Monroe County,741770
New York,Montgomery County,49221
New York,Nassau County,1356924
New York,New York County,1628706
New York,Niagara County,209281
New York,Oneida County,228671
New York,Onondaga County,460528
New York,Ontario County,109777
New York,Orange County,384940
New York,Orleans County,40352
New York,Oswego County,117124
New York,Otsego County,59493
New York,Putnam County,98320
New York,Queens County,2253858
New York,Rensselaer County,158714
New York,Richmond County,476143
New York,Rockland County,325789
New York,St. Lawrence County,107740
New York,Saratoga County,229863
New York,Schenectady County,155299
New York,Schoharie County,30999
New York,Schuyler County,17807
New York,Seneca County,34016
New York,Steuben County,95379
New York,Suffolk County,1476601
New York,Sullivan County,75432
New York,Tioga County,48203
New York,Tompkins County,102180
New York,Ulster County,177573
New York,Warren County,63944
New York,Washington County,61204
New York,Wayne County,89918
New York,Westchester County,967506
New York,Wyoming County,39859
New York,Yates County,24913
North Carolina,North Carolina,10488084
North Carolina,Alamance County,169509
North Carolina,Alexander County,37497
North Carolina,Alleghany County,11137
North Carolina,Anson County,24446
North Carolina,Ashe County,27203
North Carolina,Avery County,17557
North Carolina,Beaufort County,46994
North Carolina,Bertie County,18947
North Carolina,Bladen County,32722
North Carolina,Brunswick County,142820
North Carolina,Buncombe County,261191
North Carolina,Burke County,90485
North Carolina,Cabarrus County,216453
North Carolina,Caldwell County,82178
North Carolina,Camden County,10867
North Carolina,Carteret County,69473
North Carolina,Caswell County,22604
North Carolina,Catawba County,159551
North Carolina,Chatham County,74470
North Carolina,Cherokee County,28612
North Carolina,Chowan County,13943
North Carolina,Clay County,11231
North Carolina,Cleveland County,97947
North Carolina,Columbus County,55508
North Carolina,Craven County,102139
North Carolina,Cumberland County,335509
North Carolina,Currituck County,27763
North Carolina,Dare County,37009
North Carolina,Davidson County,167609
North Carolina,Davie County,42846
North Carolina,Duplin County,58741
North Carolina,Durham County,321488
North Carolina,Edgecombe County,51472
North Carolina,Forsyth County,382295
North Carolina,Franklin County,69685
North Carolina,Gaston County,224529
North Carolina,Gates County,11562
North Carolina,Graham County,8441
North Carolina,Granville County,60443
North Carolina,Greene County,21069
North Carolina,Guilford County,537174
North Carolina,Halifax County,50010
North Carolina,Harnett County,135976
North Carolina,Haywood County,62317
North Carolina,Henderson County,117417
North Carolina,Hertford County,23677
North Carolina,Hoke County,55234
North Carolina,Hyde County,4937
North Carolina,Iredell County,181806
North Carolina,Jackson County,43938
North Carolina,Johnston County,209339
North Carolina,Jones County,9419
North Carolina,Lee County,61779
North Carolina,Lenoir County,55949
North Carolina,Lincoln County,86111
North Carolina,McDowell County,45756
North Carolina,Macon County,35858
North Carolina,Madison County,21755
North Carolina,Martin County,22440
North Carolina,Mecklenburg County,1110356
North Carolina,Mitchell County,14964
North Carolina,Montgomery County,27173
North Carolina,Moore County,100880
North Carolina,Nash County,94298
North Carolina,New Hanover County,234473
North Carolina,Northampton County,19483
North Carolina,Onslow County,197938
North Carolina,Orange County,148476
North Carolina,Pamlico County,12726
North Carolina,Pasquotank County,39824
North Carolina,Pender County,63060
North Carolina,Perquimans County,13463
North Carolina,Person County,39490
North Carolina,Pitt County,180742
North Carolina,Polk County,20724
North Carolina,Randolph County,143667
North Carolina,Richmond County,44829
North Carolina,Robeson County,130625
North Carolina,Rockingham County,91010
North Carolina,Rowan County,142088
North Carolina,Rutherford County,67029
North Carolina,Sampson County,63531
North Carolina,Scotland County,34823
North Carolina,Stanly County,62806
North Carolina,Stokes County,45591
North Carolina,Surry County,71783
North Carolina,Swain County,14271
North Carolina,Transylvania County,34385
North Carolina,Tyrrell County,4016
North Carolina,Union County,239859
North Carolina,Vance County,44535
North Carolina,Wake County,1111761
North Carolina,Warren County,19731
North Carolina,Washington County,11580
North Carolina,Watauga County,56177
North Carolina,Wayne County,123131
North Carolina,Wilkes County,68412
North Carolina,Wilson County,81801
North Carolina,Yadkin County,37667
North Carolina,Yancey County,18069
North Dakota,North Dakota,762062
North Dakota,Adams County,2216
North Dakota,Barnes County,10415
North Dakota,Benson County,6832
North Dakota,Billings County,928
North Dakota,Bottineau County,6282
North Dakota,Bowman County,3024
North Dakota,Burke County,2115
North Dakota,Burleigh County,95626
North Dakota,Cass County,181923
North Dakota,Cavalier County,3762
North Dakota,Dickey County,4872
North Dakota,Divide County,2264
North Dakota,Dunn County,4424
North Dakota,Eddy County,2287
North Dakota,Emmons County,3241
North Dakota,Foster County,3210
North Dakota,Golden Valley County,1761
North Dakota,Grand Forks County,69451
North Dakota,Grant County,2274
North Dakota,Griggs County,2231
North Dakota,Hettinger County,2499
North Dakota,Kidder County,2480
North Dakota,LaMoure County,4046
North Dakota,Logan County,1850
North Dakota,McHenry County,5745
North Dakota,McIntosh County,2497
North Dakota,McKenzie County,15024
North Dakota,McLean County,9450
North Dakota,Mercer County,8187
North Dakota,Morton County,31364
North Dakota,Mountrail County,10545
North Dakota,Nelson County,2879
North Dakota,Oliver County,1959
North Dakota,Pembina County,6801
North Dakota,Pierce County,3975
North Dakota,Ramsey County,11519
North Dakota,Ransom County,5218
North Dakota,Renville County,2327
North Dakota,Richland County,16177
North Dakota,Rolette County,14176
North Dakota,Sargent County,3898
North Dakota,Sheridan County,1315
North Dakota,Sioux County,4230
North Dakota,Slope County,750
North Dakota,Stark County,31489
North Dakota,Steele County,1890
North Dakota,Stutsman County,20704
North Dakota,Towner County,2189
North Dakota,Traill County,8036
North Dakota,Walsh County,10641
North Dakota,Ward County,67641
North Dakota,Wells County,3834
North Dakota,Williams County,37589
Ohio,Ohio,11689100
Ohio,Adams County,27698
Ohio,Allen County,102351
Ohio,Ashland County,53484
Ohio,Ashtabula County,97241
Ohio,Athens County,65327
Ohio,Auglaize County,45656
Ohio,Belmont County,67006
Ohio,Brown County,43432
Ohio,Butler County,383134
Ohio,Carroll County,26914
Ohio,Champaign County,38885
Ohio,Clark County,134083
Ohio,Clermont County,206428
Ohio,Clinton County,41968
Ohio,Columbiana County,101883
Ohio,Coshocton County,36600
Ohio,Crawford County,41494
Ohio,Cuyahoga County,1235072
Ohio,Darke County,51113
Ohio,Defiance County,38087
Ohio,Delaware County,209177
Ohio,Erie County,74266
Ohio,Fairfield County,157574
Ohio,Fayette County,28525
Ohio,Franklin County,1316756
Ohio,Fulton County,42126
Ohio,Gallia County,29898
Ohio,Geauga County,93649
Ohio,Greene County,168937
Ohio,Guernsey County,38875
Ohio,Hamilton County,817473
Ohio,Hancock County,75783
Ohio,Hardin County,31365
Ohio,Harrison County,15040
Ohio,Henry County,27006
Ohio,Highland County,43161
Ohio,Hocking County,28264
Ohio,Holmes County,43960
Ohio,Huron County,58266
Ohio,Jackson County,32413
Ohio,Jefferson County,65325
Ohio,Knox County,62322
Ohio,Lake County,230149
Ohio,Lawrence County,59463
Ohio,Licking County,176862
Ohio,Logan County,45672
Ohio,Lorain County,309833
Ohio,Lucas County,428348
Ohio,Madison County,44731
Ohio,Mahoning County,228683
Ohio,Marion County,65093
Ohio,Medina County,179746
Ohio,Meigs County,22907
Ohio,Mercer County,41172
Ohio,Miami County,106987
Ohio,Monroe County,13654
Ohio,Montgomery County,531687
Ohio,Morgan County,14508
Ohio,Morrow County,35328
Ohio,Muskingum County,86215
Ohio,Noble County,14424
Ohio,Ottawa County,40525
Ohio,Paulding County,18672
Ohio,Perry County,36134
Ohio,Pickaway County,58457
Ohio,Pike County,27772
Ohio,Portage County,162466
Ohio,Preble County,40882
Ohio,Putnam County,33861
Ohio,Richland County,121154
Ohio,Ross County,76666
Ohio,Sandusky County,58518
Ohio,Scioto County,75314
Ohio,Seneca County,55178
Ohio,Shelby County,48590
Ohio,Stark County,370606
Ohio,Summit County,541013
Ohio,Trumbull County,197974
Ohio,Tuscarawas County,91987
Ohio,Union County,58988
Ohio,Van Wert County,28275
Ohio,Vinton County,13085
Ohio,Warren County,234602
Ohio,Washington County,59911
Ohio,Wayne County,115710
Ohio,Williams County,36692
Ohio,Wood County,130817
Ohio,Wyandot County,21772
Oklahoma,Oklahoma,3956971
Oklahoma,Adair County,22194
Oklahoma,Alfalfa County,5702
Oklahoma,Atoka County,13758
Oklahoma,Beaver County,5311
Oklahoma,Beckham County,21859
Oklahoma,Blaine County,9429
Oklahoma,Bryan County,47995
Oklahoma,Caddo County,28762
Oklahoma,Canadian County,148306
Oklahoma,Carter County,48111
Oklahoma,Cherokee County,48657
Oklahoma,Choctaw County,14672
Oklahoma,Cimarron County,2137
Oklahoma,Cleveland County,284014
Oklahoma,Coal County,5495
Oklahoma,Comanche County,120749
Oklahoma,Cotton County,5666
Oklahoma,Craig County,14142
Oklahoma,Creek County,71522
Oklahoma,Custer County,29003
Oklahoma,Delaware County,43009
Oklahoma,Dewey County,4891
Oklahoma,Ellis County,3859
Oklahoma,Garfield County,61056
Oklahoma,Garvin County,27711
Oklahoma,Grady County,55834
Oklahoma,Grant County,4333
Oklahoma,Greer County,5712
Oklahoma,Harmon County,2653
Oklahoma,Harper County,3688
Oklahoma,Haskell County,12627
Oklahoma,Hughes County,13279
Oklahoma,Jackson County,24530
Oklahoma,Jefferson County,6002
Oklahoma,Johnston County,11085
Oklahoma,Kay County,43538
Oklahoma,Kingfisher County,15765
Oklahoma,Kiowa County,8708
Oklahoma,Latimer County,10073
Oklahoma,Le Flore County,49853
Oklahoma,Lincoln County,34877
Oklahoma,Logan County,48011
Oklahoma,Love County,10253
Oklahoma,McClain County,40474
Oklahoma,McCurtain County,32832
Oklahoma,McIntosh County,19596
Oklahoma,Major County,7629
Oklahoma,Marshall County,16931
Oklahoma,Mayes County,41100
Oklahoma,Murray County,14073
Oklahoma,Muskogee County,67997
Oklahoma,Noble County,11131
Oklahoma,Nowata County,10076
Oklahoma,Okfuskee County,11993
Oklahoma,Oklahoma County,797434
Oklahoma,Okmulgee County,38465
Oklahoma,Osage County,46963
Oklahoma,Ottawa County,31127
Oklahoma,Pawnee County,16376
Oklahoma,Payne County,81784
Oklahoma,Pittsburg County,43654
Oklahoma,Pontotoc County,38284
Oklahoma,Pottawatomie County,72592
Oklahoma,Pushmataha County,11096
Oklahoma,Roger Mills County,3583
Oklahoma,Rogers County,92459
Oklahoma,Seminole County,24258
Oklahoma,Sequoyah County,41569
Oklahoma,Stephens County,43143
Oklahoma,Texas County,19983
Oklahoma,Tillman County,7250
Oklahoma,Tulsa County,651552
Oklahoma,Wagoner County,81289
Oklahoma,Washington County,51527
Oklahoma,Washita County,10916
Oklahoma,Woods County,8793
Oklahoma,Woodward County,20211
Oregon,Oregon,4217737
Oregon,Baker County,16124
Oregon,Benton County,93053
Oregon,Clackamas County,418187
Oregon,Clatsop County,40224
Oregon,Columbia County,52354
Oregon,Coos County,64487
Oregon,Crook County,24404
Oregon,Curry County,22925
Oregon,Deschutes County,197692
Oregon,Douglas County,110980
Oregon,Gilliam County,1912
Oregon,Grant County,7199
Oregon,Harney County,7393
Oregon,Hood River County,23382
Oregon,Jackson County,220944
Oregon,Jefferson County,24658
Oregon,Josephine County,87487
Oregon,Klamath County,68238
Oregon,Lake County,7869
Oregon,Lane County,382067
Oregon,Lincoln County,49962
Oregon,Linn County,129749
Oregon,Malheur County,30571
Oregon,Marion County,347818
Oregon,Morrow County,11603
Oregon,Multnomah County,812855
Oregon,Polk County,86085
Oregon,Sherman County,1780
Oregon,Tillamook County,27036
Oregon,Umatilla County,77950
Oregon,Union County,26835
Oregon,Wallowa County,7208
Oregon,Wasco County,26682
Oregon,Washington County,601592
Oregon,Wheeler County,1332
Oregon,Yamhill County,107100
Pennsylvania,Pennsylvania,12801989
Pennsylvania,Adams County,103009
Pennsylvania,Allegheny County,1216045
Pennsylvania,Armstrong County,64735
Pennsylvania,Beaver County,163929
Pennsylvania,Bedford County,47888
Pennsylvania,Berks County,421164
Pennsylvania,Blair County,121829
Pennsylvania,Bradford County,60323
Pennsylvania,Bucks County,628270
Pennsylvania,Butler County,187853
Pennsylvania,Cambria County,130192
Pennsylvania,Cameron County,4447
Pennsylvania,Carbon County,64182
Pennsylvania,Centre County,162385
Pennsylvania,Chester County,524989
Pennsylvania,Clarion County,38438
Pennsylvania,Clearfield County,79255
Pennsylvania,Clinton County,38632
Pennsylvania,Columbia County,64964
Pennsylvania,Crawford County,84629
Pennsylvania,Cumberland County,253370
Pennsylvania,Dauphin County,278299
Pennsylvania,Delaware County,566747
Pennsylvania,Elk County,29910
Pennsylvania,Erie County,269728
Pennsylvania,Fayette County,129274
Pennsylvania,Forest County,7247
Pennsylvania,Franklin County,155027
Pennsylvania,Fulton County,14530
Pennsylvania,Greene County,36233
Pennsylvania,Huntingdon County,45144
Pennsylvania,Indiana County,84073
Pennsylvania,Jefferson County,43425
Pennsylvania,Juniata County,24763
Pennsylvania,Lackawanna County,209674
Pennsylvania,Lancaster County,545724
Pennsylvania,Lawrence County,85512
Pennsylvania,Lebanon County,141793
Pennsylvania,Lehigh County,369318
Pennsylvania,Luzerne County,317417
Pennsylvania,Lycoming County,113299
Pennsylvania,McKean County,40625
Pennsylvania,Mercer County,109424
Pennsylvania,Mifflin County,46138
Pennsylvania,Monroe County,170271
Pennsylvania,Montgomery County,830915
Pennsylvania,Montour County,18230
Pennsylvania,Northampton County,305285
Pennsylvania,Northumberland County,90843
Pennsylvania,Perry County,46272
Pennsylvania,Philadelphia County,1584064
Pennsylvania,Pike County,55809
Pennsylvania,Potter County,16526
Pennsylvania,Schuylkill County,141359
Pennsylvania,Snyder County,40372
Pennsylvania,Somerset County,73447
Pennsylvania,Sullivan County,6066
Pennsylvania,Susquehanna County,40328
Pennsylvania,Tioga County,40591
Pennsylvania,Union County,44923
Pennsylvania,Venango County,50668
Pennsylvania,Warren County,39191
Pennsylvania,Washington County,206865
Pennsylvania,Wayne County,51361
Pennsylvania,Westmoreland County,348899
Pennsylvania,Wyoming County,26794
Pennsylvania,York County,449058
Rhode Island,Rhode Island,1059361
Rhode Island,Bristol County,48479
Rhode Island,Kent County,164292
Rhode Island,Newport County,82082
Rhode Island,Providence County,638931
Rhode Island,Washington County,125577
South Carolina,South Carolina,5148714
South Carolina,Abbeville County,24527
South Carolina,Aiken County,170872
South Carolina,Allendale County,8688
South Carolina,Anderson County,202558
South Carolina,Bamberg County,14066
South Carolina,Barnwell County,20866
South Carolina,Beaufort County,192122
South Carolina,Berkeley County,227907
South Carolina,Calhoun County,14553
South Carolina,Charleston County,411406
South Carolina,Cherokee County,57300
South Carolina,Chester County,32244
South Carolina,Chesterfield County,45650
South Carolina,Clarendon County,33745
South Carolina,Colleton County,37677
South Carolina,Darlington County,66618
South Carolina,Dillon County,30479
South Carolina,Dorchester County,162809
South Carolina,Edgefield County,27260
South Carolina,Fairfield County,22347
South Carolina,Florence County,138293
South Carolina,Georgetown County,62680
South Carolina,Greenville County,523542
South Carolina,Greenwood County,70811
South Carolina,Hampton County,19222
South Carolina,Horry County,354081
South Carolina,Jasper County,30073
South Carolina,Kershaw County,66551
South Carolina,Lancaster County,98012
South Carolina,Laurens County,67493
South Carolina,Lee County,16828
South Carolina,Lexington County,298750
South Carolina,McCormick County,9463
South Carolina,Marion County,30657
South Carolina,Marlboro County,26118
South Carolina,Newberry County,38440
South Carolina,Oconee County,79546
South Carolina,Orangeburg County,86175
South Carolina,Pickens County,126884
South Carolina,Richland County,415759
South Carolina,Saluda County,20473
South Carolina,Spartanburg County,319785
South Carolina,Sumter County,106721
South Carolina,Union County,27316
South Carolina,Williamsburg County,30368
South Carolina,York County,280979
South Dakota,South Dakota,884659
South Dakota,Aurora County,2751
South Dakota,Beadle County,18453
South Dakota,Bennett County,3365
South Dakota,Bon Homme County,6901
South Dakota,Brookings County,35077
South Dakota,Brown County,38839
South Dakota,Brule County,5297
South Dakota,Buffalo County,1962
South Dakota,Butte County,10429
South Dakota,Campbell County,1376
South Dakota,Charles Mix County,9292
South Dakota,Clark County,3736
South Dakota,Clay County,14070
South Dakota,Codington County,28009
South Dakota,Corson County,4086
South Dakota,Custer County,8972
South Dakota,Davison County,19775
South Dakota,Day County,5424
South Dakota,Deuel County,4351
South Dakota,Dewey County,5892
South Dakota,Douglas County,2921
South Dakota,Edmunds County,3829
South Dakota,Fall River County,6713
South Dakota,Faulk County,2299
South Dakota,Grant County,7052
South Dakota,Gregory County,4185
South Dakota,Haakon County,1899
South Dakota,Hamlin County,6164
South Dakota,Hand County,3191
South Dakota,Hanson County,3453
South Dakota,Harding County,1298
South Dakota,Hughes County,17526
South Dakota,Hutchinson County,7291
South Dakota,Hyde County,1301
South Dakota,Jackson County,3344
South Dakota,Jerauld County,2013
South Dakota,Jones County,903
South Dakota,Kingsbury County,4939
South Dakota,Lake County,12797
South Dakota,Lawrence County,25844
South Dakota,Lincoln County,61128
South Dakota,Lyman County,3781
South Dakota,McCook County,5586
South Dakota,McPherson County,2379
South Dakota,Marshall County,4935
South Dakota,Meade County,28332
South Dakota,Mellette County,2061
South Dakota,Miner County,2216
South Dakota,Minnehaha County,193134
South Dakota,Moody County,6576
South Dakota,Oglala Lakota County,14177
South Dakota,Pennington County,113775
South Dakota,Perkins County,2865
South Dakota,Potter County,2153
South Dakota,Roberts County,10394
South Dakota,Sanborn County,2344
South Dakota,Spink County,6376
South Dakota,Stanley County,3098
South Dakota,Sully County,1391
South Dakota,Todd County,10177
South Dakota,Tripp County,5441
South Dakota,Turner County,8384
South Dakota,Union County,15932
South Dakota,Walworth County,5435
South Dakota,Yankton County,22814
South Dakota,Ziebach County,2756
Tennessee,Tennessee,6829174
Tennessee,Anderson County,76978
Tennessee,Bedford County,49713
Tennessee,Benton County,16160
Tennessee,Bledsoe County,15064
Tennessee,Blount County,133088
Tennessee,Bradley County,108110
Tennessee,Campbell County,39842
Tennessee,Cannon County,14678
Tennessee,Carroll County,27767
Tennessee,Carter County,56391
Tennessee,Cheatham County,40667
Tennessee,Chester County,17297
Tennessee,Claiborne County,31959
Tennessee,Clay County,7615
Tennessee,Cocke County,36004
Tennessee,Coffee County,56520
Tennessee,Crockett County,14230
Tennessee,Cumberland County,60520
Tennessee,Davidson County,694144
Tennessee,Decatur County,11663
Tennessee,DeKalb County,20490
Tennessee,Dickson County,53948
Tennessee,Dyer County,37159
Tennessee,Fayette County,41133
Tennessee,Fentress County,18523
Tennessee,Franklin County,42208
Tennessee,Gibson County,49133
Tennessee,Giles County,29464
Tennessee,Grainger County,23320
Tennessee,Greene County,69069
Tennessee,Grundy County,13427
Tennessee,Hamblen County,64934
Tennessee,Hamilton County,367804
Tennessee,Hancock County,6620
Tennessee,Hardeman County,25050
Tennessee,Hardin County,25652
Tennessee,Hawkins County,56786
Tennessee,Haywood County,17304
Tennessee,Henderson County,28117
Tennessee,Henry County,32345
Tennessee,Hickman County,25178
Tennessee,Houston County,8201
Tennessee,Humphreys County,18582
Tennessee,Jackson County,11786
Tennessee,Jefferson County,54495
Tennessee,Johnson County,17788
Tennessee,Knox County,470313
Tennessee,Lake County,7016
Tennessee,Lauderdale County,25633
Tennessee,Lawrence County,44142
Tennessee,Lewis County,12268
Tennessee,Lincoln County,34366
Tennessee,Loudon County,54068
Tennessee,McMinn County,53794
Tennessee,McNairy County,25694
Tennessee,Macon County,24602
Tennessee,Madison County,97984
Tennessee,Marion County,28907
Tennessee,Marshall County,34375
Tennessee,Maury County,96387
Tennessee,Meigs County,12422
Tennessee,Monroe County,46545
Tennessee,Montgomery County,208993
Tennessee,Moore County,6488
Tennessee,Morgan County,21403
Tennessee,Obion County,30069
Tennessee,Overton County,22241
Tennessee,Perry County,8076
Tennessee,Pickett County,5048
Tennessee,Polk County,16832
Tennessee,Putnam County,80245
Tennessee,Rhea County,33167
Tennessee,Roane County,53382
Tennessee,Robertson County,71813
Tennessee,Rutherford County,332285
Tennessee,Scott County,22068
Tennessee,Sequatchie County,15026
Tennessee,Sevier County,98250
Tennessee,Shelby County,937166
Tennessee,Smith County,20157
Tennessee,Stewart County,13715
Tennessee,Sullivan County,158348
Tennessee,Sumner County,191283
Tennessee,Tipton County,61599
Tennessee,Trousdale County,11284
Tennessee,Unicoi County,17883
Tennessee,Union County,19972
Tennessee,Van Buren County,5872
Tennessee,Warren County,41277
Tennessee,Washington County,129375
Tennessee,Wayne County,16673
Tennessee,Weakley County,33328
Tennessee,White County,27345
Tennessee,Williamson County,238412
Tennessee,Wilson County,144657
Texas,Texas,28995881
Texas,Anderson County,57735
Texas,Andrews County,18705
Texas,Angelina County,86715
Texas,Aransas County,23510
Texas,Archer County,8553
Texas,Armstrong County,1887
Texas,Atascosa County,51153
Texas,Austin County,30032
Texas,Bailey County,7000
Texas,Bandera County,23112
Texas,Bastrop County,88723
Texas,Baylor County,3509
Texas,Bee County,32565
Texas,Bell County,362924
Texas,Bexar County,2003554
Texas,Blanco County,11931
Texas,Borden County,654
Texas,Bosque County,18685
Texas,Bowie County,93245
Texas,Brazoria County,374264
Texas,Brazos County,229211
Texas,Brewster County,9203
Texas,Briscoe County,1546
Texas,Brooks County,7093
Texas,Brown County,37864
Texas,Burleson County,18443
Texas,Burnet County,48155
Texas,Caldwell County,43664
Texas,Calhoun County,21290
Texas,Callahan County,13943
Texas,Cameron County,423163
Texas,Camp County,13094
Texas,Carson County,5926
Texas,Cass County,30026
Texas,Castro County,7530
Texas,Chambers County,43837
Texas,Cherokee County,52646
Texas,Childress County,7306
Texas,Clay County,10471
Texas,Cochran County,2853
Texas,Coke County,3387
Texas,Coleman County,8175
Texas,Collin County,1034730
Texas,Collingsworth County,2920
Texas,Colorado County,21493
Texas,Comal County,156209
Texas,Comanche County,13635
Texas,Concho County,2726
Texas,Cooke County,41257
Texas,Coryell County,75951
Texas,Cottle County,1398
Texas,Crane County,4797
Texas,Crockett County,3464
Texas,Crosby County,5737
Texas,Culberson County,2171
Texas,Dallam County,7287
Texas,Dallas County,2635516
Texas,Dawson County,12728
Texas,Deaf Smith County,18546
Texas,Delta County,5331
Texas,Denton County,887207
Texas,DeWitt County,20160
Texas,Dickens County,2211
Texas,Dimmit County,10124
Texas,Donley County,3278
Texas,Duval County,11157
Texas,Eastland County,18360
Texas,Ector County,166223
Texas,Edwards County,1932
Texas,Ellis County,184826
Texas,El Paso County,839238
Texas,Erath County,42698
Texas,Falls County,17297
Texas,Fannin County,35514
Texas,Fayette County,25346
Texas,Fisher County,3830
Texas,Floyd County,5712
Texas,Foard County,1155
Texas,Fort Bend County,811688
Texas,Franklin County,10725
Texas,Freestone County,19717
Texas,Frio County,20306
Texas,Gaines County,21492
Texas,Galveston County,342139
Texas,Garza County,6229
Texas,Gillespie County,26988
Texas,Glasscock County,1409
Texas,Goliad County,7658
Texas,Gonzales County,20837
Texas,Gray County,21886
Texas,Grayson County,136212
Texas,Gregg County,123945
Texas,Grimes County,28880
Texas,Guadalupe County,166847
Texas,Hale County,33406
Texas,Hall County,2964
Texas,Hamilton County,8461
Texas,Hansford County,5399
Texas,Hardeman County,3933
Texas,Hardin County,57602
Texas,Harris County,4713325
Texas,Harrison County,66553
Texas,Hartley County,5576
Texas,Haskell County,5658
Texas,Hays County,230191
Texas,Hemphill County,3819
Texas,Henderson County,82737
Texas,Hidalgo County,868707
Texas,Hill County,36649
Texas,Hockley County,23021
Texas,Hood County,61643
Texas,Hopkins County,37084
Texas,Houston County,22968
Texas,Howard County,36664
Texas,Hudspeth County,4886
Texas,Hunt County,98594
Texas,Hutchinson County,20938
Texas,Irion County,1536
Texas,Jack County,8935
Texas,Jackson County,14760
Texas,Jasper County,35529
Texas,Jeff Davis County,2274
Texas,Jefferson County,251565
Texas,Jim Hogg County,5200
Texas,Jim Wells County,40482
Texas,Johnson County,175817
Texas,Jones County,20083
Texas,Karnes County,15601
Texas,Kaufman County,136154
Texas,Kendall County,47431
Texas,Kenedy County,404
Texas,Kent County,762
Texas,Kerr County,52600
Texas,Kimble County,4337
Texas,King County,272
Texas,Kinney County,3667
Texas,Kleberg County,30680
Texas,Knox County,3664
Texas,Lamar County,49859
Texas,Lamb County,12893
Texas,Lampasas County,21428
Texas,La Salle County,7520
Texas,Lavaca County,20154
Texas,Lee County,17239
Texas,Leon County,17404
Texas,Liberty County,88219
Texas,Limestone County,23437
Texas,Lipscomb County,3233
Texas,Live Oak County,12207
Texas,Llano County,21795
Texas,Loving County,169
Texas,Lubbock County,310569
Texas,Lynn County,5951
Texas,McCulloch County,7984
Texas,McLennan County,256623
Texas,McMullen County,743
Texas,Madison County,14284
Texas,Marion County,9854
Texas,Martin County,5771
Texas,Mason County,4274
Texas,Matagorda County,36643
Texas,Maverick County,58722
Texas,Medina County,51584
Texas,Menard County,2138
Texas,Midland County,176832
Texas,Milam County,24823
Texas,Mills County,4873
Texas,Mitchell County,8545
Texas,Montague County,19818
Texas,Montgomery County,607391
Texas,Moore County,20940
Texas,Morris County,12388
Texas,Motley County,1200
Texas,Nacogdoches County,65204
Texas,Navarro County,50113
Texas,Newton County,13595
Texas,Nolan County,14714
Texas,Nueces County,362294
Texas,Ochiltree County,9836
Texas,Oldham County,2112
Texas,Orange County,83396
Texas,Palo Pinto County,29189
Texas,Panola County,23194
Texas,Parker County,142878
Texas,Parmer County,9605
Texas,Pecos County,15823
Texas,Polk County,51353
Texas,Potter County,117415
Texas,Presidio County,6704
Texas,Rains County,12514
Texas,Randall County,137713
Texas,Reagan County,3849
Texas,Real County,3452
Texas,Red River County,12023
Texas,Reeves County,15976
Texas,Refugio County,6948
Texas,Roberts County,854
Texas,Robertson County,17074
Texas,Rockwall County,104915
Texas,Runnels County,10264
Texas,Rusk County,54406
Texas,Sabine County,10542
Texas,San Augustine County,8237
Texas,San Jacinto County,28859
Texas,San Patricio County,66730
Texas,San Saba County,6055
Texas,Schleicher County,2793
Texas,Scurry County,16703
Texas,Shackelford County,3265
Texas,Shelby County,25274
Texas,Sherman County,3022
Texas,Smith County,232751
Texas,Somervell County,9128
Texas,Starr County,64633
Texas,Stephens County,9366
Texas,Sterling County,1291
Texas,Stonewall County,1350
Texas,Sutton County,3776
Texas,Swisher County,7397
Texas,Tarrant County,2102515
Texas,Taylor County,138034
Texas,Terrell County,776
Texas,Terry County,12337
Texas,Throckmorton County,1501
Texas,Titus County,32750
Texas,Tom Green County,119200
Texas,Travis County,1273954
Texas,Trinity County,14651
Texas,Tyler County,21672
Texas,Upshur County,41753
Texas,Upton County,3657
Texas,Uvalde County,26741
Texas,Val Verde County,49025
Texas,Van Zandt County,56590
Texas,Victoria County,92084
Texas,Walker County,72971
Texas,Waller County,55246
Texas,Ward County,11998
Texas,Washington County,35882
Texas,Webb County,276652
Texas,Wharton County,41556
Texas,Wheeler County,5056
Texas,Wichita County,132230
Texas,Wilbarger County,12769
Texas,Willacy County,21358
Texas,Williamson County,590551
Texas,Wilson County,51070
Texas,Winkler County,8010
Texas,Wise County,69984
Texas,Wood County,45539
Texas,Yoakum County,8713
Texas,Young County,18010
Texas,Zapata County,14179
Texas,Zavala County,11840
Utah,Utah,3205958
Utah,Beaver County,6710
Utah,Box Elder County,56046
Utah,Cache County,128289
Utah,Carbon County,20463
Utah,Daggett County,950
Utah,Davis County,355481
Utah,Duchesne County,19938
Utah,Emery County,10012
Utah,Garfield County,5051
Utah,Grand County,9754
Utah,Iron County,54839
Utah,Juab County,12017
Utah,Kane County,7886
Utah,Millard County,13188
Utah,Morgan County,12124
Utah,Piute County,1479
Utah,Rich County,2483
Utah,Salt Lake County,1160437
Utah,San Juan County,15308
Utah,Sanpete County,30939
Utah,Sevier County,21620
Utah,Summit County,42145
Utah,Tooele County,72259
Utah,Uintah County,35734
Utah,Utah County,636235
Utah,Wasatch County,34091
Utah,Washington County,177556
Utah,Wayne County,2711
Utah,Weber County,260213
Vermont,Vermont,623989
Vermont,Addison County,36777
Vermont,Bennington County,35470
Vermont,Caledonia County,29993
Vermont,Chittenden County,163774
Vermont,Essex County,6163
Vermont,Franklin County,49402
Vermont,Grand Isle County,7235
Vermont,Lamoille County,25362
Vermont,Orange County,28892
Vermont,Orleans County,27037
Vermont,Rutland County,58191
Vermont,Washington County,58409
Vermont,Windham County,42222
Vermont,Windsor County,55062
Virginia,Virginia,8535519
Virginia,Accomack County,32316
Virginia,Albemarle County,109330
Virginia,Alleghany County,14860
Virginia,Amelia County,13145
Virginia,Amherst County,31605
Virginia,Appomattox County,15911
Virginia,Arlington County,236842
Virginia,Augusta County,75558
Virginia,Bath County,4147
Virginia,Bedford County,78997
Virginia,Bland County,6280
Virginia,Botetourt County,33419
Virginia,Brunswick County,16231
Virginia,Buchanan County,21004
Virginia,Buckingham County,17148
Virginia,Campbell County,54885
Virginia,Caroline County,30725
Virginia,Carroll County,29791
Virginia,Charles City County,6963
Virginia,Charlotte County,11880
Virginia,Chesterfield County,352802
Virginia,Clarke County,14619
Virginia,Craig County,5131
Virginia,Culpeper County,52605
Virginia,Cumberland County,9932
Virginia,Dickenson County,14318
Virginia,Dinwiddie County,28544
Virginia,Essex County,10953
Virginia,Fairfax County,1147532
Virginia,Fauquier County,71222
Virginia,Floyd County,15749
Virginia,Fluvanna County,27270
Virginia,Franklin County,56042
Virginia,Frederick County,89313
Virginia,Giles County,16720
Virginia,Gloucester County,37348
Virginia,Goochland County,23753
Virginia,Grayson County,15550
Virginia,Greene County,19819
Virginia,Greensville County,11336
Virginia,Halifax County,33911
Virginia,Hanover County,107766
Virginia,Henrico County,330818
Virginia,Henry County,50557
Virginia,Highland County,2190
Virginia,Isle of Wight County,37109
Virginia,James City County,76523
Virginia,King and Queen County,7025
Virginia,King George County,26836
Virginia,King William County,17148
Virginia,Lancaster County,10603
Virginia,Lee County,23423
Virginia,Loudoun County,413538
Virginia,Louisa County,37591
Virginia,Lunenburg County,12196
Virginia,Madison County,13261
Virginia,Mathews County,8834
Virginia,Mecklenburg County,30587
Virginia,Middlesex County,10582
Virginia,Montgomery County,98535
Virginia,Nelson County,14930
Virginia,New Kent County,23091
Virginia,Northampton County,11710
Virginia,Northumberland County,12095
Virginia,Nottoway County,15232
Virginia,Orange County,37051
Virginia,Page County,23902
Virginia,Patrick County,17608
Virginia,Pittsylvania County,60354
Virginia,Powhatan County,29652
Virginia,Prince Edward County,22802
Virginia,Prince George County,38353
Virginia,Prince William County,470335
Virginia,Pulaski County,34027
Virginia,Rappahannock County,7370
Virginia,Richmond County,9023
Virginia,Roanoke County,94186
Virginia,Rockbridge County,22573
Virginia,Rockingham County,81948
Virginia,Russell County,26586
Virginia,Scott County,21566
Virginia,Shenandoah County,43616
Virginia,Smyth County,30104
Virginia,Southampton County,17631
Virginia,Spotsylvania County,136215
Virginia,Stafford County,152882
Virginia,Surry County,6422
Virginia,Sussex County,11159
Virginia,Tazewell County,40595
Virginia,Warren County,40164
Virginia,Washington County,53740
Virginia,Westmoreland County,18015
Virginia,Wise County,37383
Virginia,Wythe County,28684
Virginia,York County,68280
Virginia,Alexandria city,159428
Virginia,Bristol city,16762
Virginia,Buena Vista city,6478
Virginia,Charlottesville city,47266
Virginia,Chesapeake city,244835
Virginia,Colonial Heights city,17370
Virginia,Covington city,5538
Virginia,Danville city,40044
Virginia,Emporia city,5346
Virginia,Fairfax city,24019
Virginia,Falls Church city,14617
Virginia,Franklin city,7967
Virginia,Fredericksburg city,29036
Virginia,Galax city,6347
Virginia,Hampton city,134510
Virginia,Harrisonburg city,53016
Virginia,Hopewell city,22529
Virginia,Lexington city,7446
Virginia,Lynchburg city,82168
Virginia,Manassas city,41085
Virginia,Manassas Park city,17478
Virginia,Martinsville city,12554
Virginia,Newport News city,179225
Virginia,Norfolk city,242742
Virginia,Norton city,3981
Virginia,Petersburg city,31346
Virginia,Poquoson city,12271
Virginia,Portsmouth city,94398
Virginia,Radford city,18249
Virginia,Richmond city,230436
Virginia,Roanoke city,99143
Virginia,Salem city,25301
Virginia,Staunton city,24932
Virginia,Suffolk city,92108
Virginia,Virginia Beach city,449974
Virginia,Waynesboro city,22630
Virginia,Williamsburg city,14954
Virginia,Winchester city,28078
Washington,Washington,7614893
Washington,Adams County,19983
Washington,Asotin County,22582
Washington,Benton County,204390
Washington,Chelan County,77200
Washington,Clallam County,77331
Washington,Clark County,488241
Washington,Columbia County,3985
Washington,Cowlitz County,110593
Washington,Douglas County,43429
Washington,Ferry County,7627
Washington,Franklin County,95222
Washington,Garfield County,2225
Washington,Grant County,97733
Washington,Grays Harbor County,75061
Washington,Island County,85141
Washington,Jefferson County,32221
Washington,King County,2252782
Washington,Kitsap County,271473
Washington,Kittitas County,47935
Washington,Klickitat County,22425
Washington,Lewis County,80707
Washington,Lincoln County,10939
Washington,Mason County,66768
Washington,Okanogan County,42243
Washington,Pacific County,22471
Washington,Pend Oreille County,13724
Washington,Pierce County,904980
Washington,San Juan County,17582
Washington,Skagit County,129205
Washington,Skamania County,12083
Washington,Snohomish County,822083
Washington,Spokane County,522798
Washington,Stevens County,45723
Washington,Thurston County,290536
Washington,Wahkiakum County,4488
Washington,Walla Walla County,60760
Washington,Whatcom County,229247
Washington,Whitman County,50104
Washington,Yakima County,250873
West Virginia,West Virginia,1792147
West Virginia,Barbour County,16441
West Virginia,Berkeley County,119171
West Virginia,Boone County,21457
West Virginia,Braxton County,13957
West Virginia,Brooke County,21939
West Virginia,Cabell County,91945
West Virginia,Calhoun County,7109
West Virginia,Clay County,8508
West Virginia,Doddridge County,8448
West Virginia,Fayette County,42406
West Virginia,Gilmer County,7823
West Virginia,Grant County,11568
West Virginia,Greenbrier County,34662
West Virginia,Hampshire County,23175
West Virginia,Hancock County,28810
West Virginia,Hardy County,13776
West Virginia,Harrison County,67256
West Virginia,Jackson County,28576
West Virginia,Jefferson County,57146
West Virginia,Kanawha County,178124
West Virginia,Lewis County,15907
West Virginia,Lincoln County,20409
West Virginia,Logan County,32019
West Virginia,McDowell County,17624
West Virginia,Marion County,56072
West Virginia,Marshall County,30531
West Virginia,Mason County,26516
West Virginia,Mercer County,58758
West Virginia,Mineral County,26868
West Virginia,Mingo County,23424
West Virginia,Monongalia County,105612
West Virginia,Monroe County,13275
West Virginia,Morgan County,17884
West Virginia,Nicholas County,24496
West Virginia,Ohio County,41411
West Virginia,Pendleton County,6969
West Virginia,Pleasants County,7460
West Virginia,Pocahontas County,8247
West Virginia,Preston County,33432
West Virginia,Putnam County,56450
West Virginia,Raleigh County,73361
West Virginia,Randolph County,28695
West Virginia,Ritchie County,9554
West Virginia,Roane County,13688
West Virginia,Summers County,12573
West Virginia,Taylor County,16695
West Virginia,Tucker County,6839
West Virginia,Tyler County,8591
West Virginia,Upshur County,24176
West Virginia,Wayne County,39402
West Virginia,Webster County,8114
West Virginia,Wetzel County,15065
West Virginia,Wirt County,5821
West Virginia,Wood County,83518
West Virginia,Wyoming County,20394
Wisconsin,Wisconsin,5822434
Wisconsin,Adams County,20220
Wisconsin,Ashland County,15562
Wisconsin,Barron County,45244
Wisconsin,Bayfield County,15036
Wisconsin,Brown County,264542
Wisconsin,Buffalo County,13031
Wisconsin,Burnett County,15414
Wisconsin,Calumet County,50089
Wisconsin,Chippewa County,64658
Wisconsin,Clark County,34774
Wisconsin,Columbia County,57532
Wisconsin,Crawford County,16131
Wisconsin,Dane County,546695
Wisconsin,Dodge County,87839
Wisconsin,Door County,27668
Wisconsin,Douglas County,43150
Wisconsin,Dunn County,45368
Wisconsin,Eau Claire County,104646
Wisconsin,Florence County,4295
Wisconsin,Fond du Lac County,103403
Wisconsin,Forest County,9004
Wisconsin,Grant County,51439
Wisconsin,Green County,36960
Wisconsin,Green Lake County,18913
Wisconsin,Iowa County,23678
Wisconsin,Iron County,5687
Wisconsin,Jackson County,20643
Wisconsin,Jefferson County,84769
Wisconsin,Juneau County,26687
Wisconsin,Kenosha County,169561
Wisconsin,Kewaunee County,20434
Wisconsin,La Crosse County,118016
Wisconsin,Lafayette County,16665
Wisconsin,Langlade County,19189
Wisconsin,Lincoln County,27593
Wisconsin,Manitowoc County,78981
Wisconsin,Marathon County,135692
Wisconsin,Marinette County,40350
Wisconsin,Marquette County,15574
Wisconsin,Menominee County,4556
Wisconsin,Milwaukee County,945726
Wisconsin,Monroe County,46253
Wisconsin,Oconto County,37930
Wisconsin,Oneida County,35595
Wisconsin,Outagamie County,187885
Wisconsin,Ozaukee County,89221
Wisconsin,Pepin County,7287
Wisconsin,Pierce County,42754
Wisconsin,Polk County,43783
Wisconsin,Portage County,70772
Wisconsin,Price County,13351
Wisconsin,Racine County,196311
Wisconsin,Richland County,17252
Wisconsin,Rock County,163354
Wisconsin,Rusk County,14178
Wisconsin,St. Croix County,90687
Wisconsin,Sauk County,64442
Wisconsin,Sawyer County,16558
Wisconsin,Shawano County,40899
Wisconsin,Sheboygan County,115340
Wisconsin,Taylor County,20343
Wisconsin,Trempealeau County,29649
Wisconsin,Vernon County,30822
Wisconsin,Vilas County,22195
Wisconsin,Walworth County,103868
Wisconsin,Washburn County,15720
Wisconsin,Washington County,136034
Wisconsin,Waukesha County,404198
Wisconsin,Waupaca County,50990
Wisconsin,Waushara County,24443
Wisconsin,Winnebago County,171907
Wisconsin,Wood County,72999
Wyoming,Wyoming,578759
Wyoming,Albany County,38880
Wyoming,Big Horn County,11790
Wyoming,Campbell County,46341
Wyoming,Carbon County,14800
Wyoming,Converse County,13822
Wyoming,Crook County,7584
Wyoming,Fremont County,39261
Wyoming,Goshen County,13211
Wyoming,Hot Springs County,4413
Wyoming,Johnson County,8445
Wyoming,Laramie County,99500
Wyoming,Lincoln County,19830
Wyoming,Natrona County,79858
Wyoming,Niobrara County,2356
Wyoming,Park County,29194
Wyoming,Platte County,8393
Wyoming,Sheridan County,30485
Wyoming,Sublette County,9831
Wyoming,Sweetwater County,42343
Wyoming,Teton County,23464
Wyoming,Uinta County,20226
Wyoming,Washakie County,7805
Wyoming,Weston County,6927
